name,type,url,recommended_style,tech_tags
Free Programming Books, Repository,https://github.com/EbookFoundation/free-programming-books,Reading/Writing,"General, Programming Books"
Awesome Learning Resources, Repository,https://github.com/lauragift21/awesome-learning-resources,"Visual,Reading/Writing","General,Learning,Development"
Python for Everybody (University of Michigan),Online Course,https://www.py4e.com/,"Visual,Auditory","Python,Beginner,Data Science"
CS50's Introduction to Computer Science,Online Course,https://cs50.harvard.edu/x/2025/,"Visual,Auditory,Kinesthetic,Reading/Writing","Computer Science,Algorithms,Programming,C,Python,SQL"
Python 101 by Michael Driscoll,Book,https://python101.pythonlibrary.org/,Reading/Writing,"Python,Beginner"
PythonToScala by Rob Story,Book,https://wrobstory.gitbooks.io/python-to-scala/content/,Reading/Writing,"Python,Beginner"
Python Idioms,Book,https://bennuttall.com/files/python-idioms-2014-01-16.pdf,Reading/Writing,"Python,Beginner"
Python Tips by Christopher Bailey,Video,https://www.youtube.com/playlist?list=PLP8GkvaIxJP3ignHY_Dq7bFsvwzAcqZ1i,Visual,"Python,Beginner"
Python Course,Online Course,https://www.python-course.eu/,"Visual,Auditory,Kinesthetic,Reading/Writing","Python,Beginner"
Python Tutorials by Programming with Mosh,Video,https://www.youtube.com/playlist?list=PLTjRvDozrdlxj5wgH4qkvwSOdHLOCx10f,"Visual,Kinesthetic","Python,Beginner"
Python Tutorials by Corey Schafer,Video,https://www.youtube.com/playlist?list=PL-osiE80TeTt2d9bfVyTiXJA-UTHn6WwU,"Visual,Kinesthetic","Python,Beginner"
Python Tutorials by freeCodeCamp.org,Video,https://youtube.com/playlist?list=PLWKjhJtqVAbnqBxcdjVGgT3uVR10bzTEB,"Visual,Kinesthetic","Python,Beginner"
Python Koans,Online Course,https://github.com/gregmalcolm/python_koans,"Visual,Auditory,Kinesthetic,Reading/Writing","Python,Beginner"
Python Tutorial by tutlane,Online Course,https://www.tutlane.com/tutorial/python,"Visual,Auditory,Kinesthetic,Reading/Writing","Python,Beginner"
Python Tutorial by W3Schools,Online Course,https://www.w3schools.com/python,"Visual,Auditory,Kinesthetic,Reading/Writing","Python,Beginner"
Python Tutorial by Scaler Topics,Online Course,https://www.scaler.com/topics/python/,"Visual,Auditory,Kinesthetic,Reading/Writing","Python,Beginner"
Python Trinket,Online Course,https://trinket.io/python,Kinesthetic,"Python,Beginner"
Python Tutor,Online Course,https://pythontutor.com/,"Visual,Kinesthetic","Python,Beginner"
JavaScript Tutor,Online Course,https://pythontutor.com/,"Visual,Kinesthetic","JavaScript,Beginner"
JavaTutor,Online Course,https://pythontutor.com/,"Visual,Kinesthetic","Java,Beginner"
C++ Tutor,Online Course,https://pythontutor.com/,"Visual,Kinesthetic","C++,Beginner"
C Tutor,Online Course,https://pythontutor.com/,"Visual,Kinesthetic","C ,Beginner"
Python.org Shell,Online Course,https://www.python.org/shell,"Visual,Kinesthetic","Python,Beginner"
Python 3 Tutorial,Online Course,https://github.com/Akuli/python-tutorial,"Visual,Auditory,Kinesthetic,Reading/Writing","Python,Beginner"
"Python for Astronomers by Imad Pasha, Christopher Agostino",Book,https://prappleizer.github.io/textbook.pdf,Reading/Writing,"Python,Beginner"
Python for Everybody by Charles Russell Severance,Book,http://py4e.com/book,Reading/Writing,"Python,Beginner"
Python in Education by Nicholas Tollervey,Book,https://www.oreilly.com/ideas/python-in-education,Reading/Writing,"Python,Beginner"
Python in Hydrology by Sat Kumar Tomer,Book,http://www.greenteapress.com/pythonhydro/pythonhydro.html,Reading/Writing,"Python,Beginner"
Python Practice Book,Book,http://anandology.com/python-practice-book/index.html,Reading/Writing,"Python,Beginner"
Python Flask Tutorial by Tutorials Point,Online Course,https://www.tutorialspoint.com/flask/,"Visual,Auditory,Kinesthetic,Reading/Writing","Python,Beginner"
"Python Data Analysis by Scott Rixner, Joe Warr ",Online Course,https://www.coursera.org/learn/python-analysis,"Visual,Auditory,Kinesthetic,Reading/Writing","Python,Beginner, Data Analysis"
Python from Scratch by C tre for Education in Math and Computing,Online Course,https://open.cs.uwaterloo.ca/python-from-scratch/,"Visual,Auditory,Kinesthetic,Reading/Writing","Python,Beginner"
Python Learn Course by Colin Morris,Online Course,https://www.kaggle.com/learn/python,"Visual,Auditory,Kinesthetic,Reading/Writing","Python,Beginner"
"Python Programming Ess tials by Scott Rixner, Joe Warr ",Online Course,https://www.coursera.org/learn/python-programming,"Visual,Auditory,Kinesthetic,Reading/Writing","Python,Beginner"
Python Programming Language from geeks,Online Course,https://www.geeksforgeeks.org/python-programming-language/,"Visual,Auditory,Kinesthetic,Reading/Writing","Python,Beginner"
Python Programming Tutorials by Tech With Tim,Video,https://www.youtube.com/playlist?list=PLzMcBGfZo4-mFu00qxl0a67RhjjZj3jXm,Visual,"Python,Beginner"
Python Programming Tutorials by the bed,Video,https://www.youtube.com/playlist?list=PL_RGaFnxSHWpX_byHyTEj9hecPngl2DqR,Visual,"Python,Beginner"
Python Cheat Sheet by WebsiteSetup,Book,https://websitesetup.org/python-cheat-sheet/,Reading/Writing,"Python,Beginner, Cheatsheet"
Python Regex Cheatsheet by Debuggex,Book,https://www.debuggex.com/cheatsheet/regex/python,Reading/Writing,"Python,Beginner,Regex"
Javascript30 by Wesbos,Online Course,https://javascript30.com/,"Visual, Kinesthetic","Javascript, Beginners"
Javascripting,Repository,https://github.com/sethvincent/javascripting,Kinesthetic,"Javascript, Beginners"
JavaScript Allongé by Reginald Braithwaite,Article,https://leanpub.com/javascript-allonge/read,Reading/Writing,"Javascript, Beginners"
JavaScript Bible by Danny Goodman,Book,http://media.wiley.com/product_ancillary/28/07645334/DOWNLOAD/all.pdf,Reading/Writing,"Javascript, Beginners"
JavaScript Handbook by Flavio Copes,Book,https://thevalleyofcode.com/js/,Reading/Writing,"Javascript, Beginners"
JavaScript Spessore by Reginald Braithwaite,Book,https://web.archive.org/web/20160325064800/https://leanpub.com/javascript-spessore/read,Reading/Writing,"Javascript, Beginners"
JavaScript Succinctly by Cody Lindley,Book,https://www.syncfusion.com/resources/techportal/ebooks/javascript,Reading/Writing,"Javascript, Beginners"
Javascript Tutorial,Online Course,https://www.tutorialspoint.com/javascript/index.htm,"Visual,Auditory,Kinesthetic,Reading/Writing","Javascript, Beginners"
JavaScript Wikibook by Wikibooks,Book,https://en.wikibooks.org/wiki/JavaScript,Reading/Writing,"Javascript, Beginners"
JavaScript RegExp by Sundeep Agarwal,Book,https://learnbyexample.github.io/learn_js_regexp/,Reading/Writing,"Javascript, Beginners"
"JavaScript Air by Kent C. Dodds, Dan Abramov, Matt Zabriskie, Pam Selle, Lin Clark, Brian Lonsdorf, Iheanyi Ekechukwu, Tyler McGinnis, Kyle Simpson, et al.",Book,https://javascriptair.com/,Reading/Writing,"Javascript, Beginners"
"JavaScript Jabber by Aimee Knight, AJ O'Neal, Charles Wood, Dan Shappir, Steve Edwards, et al.",Book,https://javascriptjabber.com/,Reading/Writing,"Javascript, Beginners"
Javascript course by Hitesh Choudhary,Video,https://www.youtube.com/playlist?list=PLRAV69dS1uWSxUIk5o3vQY2-_VKsOpXLD,Visual,"Javascript, Beginners"
Javascript Essentials by Lawrence Turton,Online Course,https://www.udemy.com/javascript-essentials/,"Visual,Auditory,Kinesthetic,Reading/Writing","Javascript, Beginners"
Javascript Fundamentals by Bharath Thippireddy,Online Course,https://www.udemy.com/course/javascriptfundamentals,"Visual,Auditory,Kinesthetic,Reading/Writing","Javascript, Beginners"
JavaScript Tutorials by Moshfegh Hamedani,Video,https://www.youtube.com/playlist?list=PLTjRvDozrdlxEIuOBZkMAK5uiqp8rHUax,Viaual,"Javascript, Beginners"
Master Next JS by Building Real Projects by JavaScript Mastery,Video,https://www.youtube.com/playlist?list=PL6QREj8te1P7gixBDSU8JLvQndTEEX3c3,Viaual,"Javascript, Beginners"
JavaScript Cheatsheet by Codecademy,Book,https://www.codecademy.com/learn/introduction-to-javascript/modules/learn-javascript-introduction/cheatsheet,Reading/Writing,"Javascript, Beginners"
JavaScript CheatSheet,Book,https://htmlcheatsheet.com/js/,Reading/Writing,"Javascript, Beginners"
JavaScript Tutorial by W3Schools,Online Course,https://www.w3schools.com/js,"Visual,Auditory,Kinesthetic,Reading/Writing","Javascript, Beginners"
JavaScript Tutorial by Scaler Topics,Online Course,https://www.scaler.com/topics/javascript/,"Visual,Auditory,Kinesthetic,Reading/Writing","Javascript, Beginners"
JavaScript (ES2015+) Enlightenment by Cody Lindley,Book,https://frontendmasters.com/guides/javascript-enlightenment/,Reading/Writing,"Javascript, Beginners"
JavaScript Challenges Book by Tomás Corral Casas,Book,https://tcorral.github.io/javascript-challenges-book/,Reading/Writing,"Javascript, Beginners"
JavaScript For Beginners by Microsoft,Repository,https://github.com/microsoft/Web-Dev-For-Beginners,"Visual,Auditory,Kinesthetic,Reading/Writing","Javascript, Beginners"
JavaScript For Cats by Maxwell Ogden,Book,http://jsforcats.com/,Reading/Writing,"Javascript, Beginners"
JavaScript Interview #35 by Coderslang Master,Online Course,https://gumroad.com/l/javascript-interview-35,"Visual,Auditory,Kinesthetic,Reading/Writing","Javascript, Beginners"
JavaScript Array Methods by Florin Pop,Video,https://youtube.com/playlist?list=PLgBH1CvjOA62PBFIDq55-S6Beivje30A2,Visual,"Javascript, Beginners"
JavaScript Testing Fundamentals,Online Course,https://vueschool.io/courses/javascript-testing-fundamentals,"Visual,Auditory,Kinesthetic,Reading/Writing","Javascript, Beginners"
JavaScript Regex Cheatsheet by Debuggex,Book,https://www.debuggex.com/cheatsheet/regex/javascript,Reading/Writing,"Javascript, Beginners"
JavaScript WorldWide Cheatsheet by Cheatography,Book,https://cheatography.com/davechild/cheat-sheets/javascript/,Reading/Writing,"Javascript, Beginners"
JavaScript ES6 and beyond by Alberto Montalesi,Book,https://github.com/AlbertoMontalesi/JavaScript-es6-and-beyond-ebook,Reading/Writing,"Javascript, Beginners"
JavaScript Notes for Professionals by Compiled from StackOverflow documentation,Book,https://goalkicker.com/JavaScriptBook/,Reading/Writing,"Javascript, Beginners"
"JavaScript the Right Way by William Oliveira, Allan Esquina",Repository,https://github.com/braziljs/js-the-right-way,"Visual,Auditory,Kinesthetic,Reading/Writing","Javascript, Beginners"
JavaScript Mini Course 2020 by Kalob Taulien,Online Course,https://www.udemy.com/course/javascript-essentials-mini-course/,"Visual,Auditory,Kinesthetic,Reading/Writing","Javascript, Beginners"
JavaScript Tutorial for Beginners by The Net Ninja,Video,https://www.youtube.com/playlist?list=PL4cUxeGkcC9i9Ae2D9Ee1RvylH38dKuET,Viaual,"Javascript, Beginners"
Data Analysis and Visualization by Georgia Tech,Online Course,https://www.udacity.com/course/data-analysis-and-visualization--ud404,"Visual,Auditory,Kinesthetic,Reading/Writing","Data Analysis, Beginners"
Data Analysis with R by Facebook,Online Course,https://www.udacity.com/course/data-analysis-with-r--ud651,"Visual,Auditory,Kinesthetic,Reading/Writing","Data Analysis, Beginners, R"
Data Analysis with Python Certification by freeCodeCamp,Online Course,https://www.freecodecamp.org/learn/data-analysis-with-python/,"Visual,Auditory,Kinesthetic,Reading/Writing","Data Analysis, Beginners, Python"
Data Analysis and Prediction Algorithms with R by Rafael A. Irizarry,Book,https://rafalab.github.io/dsbook/,Reading/Writing,"Data Analysis, Beginners, R"
Data Analysis with Python: Zero to Pandas,Video,https://jovian.ai/learn/data-analysis-with-python-zero-to-pandas,Visual,"Data Analysis, Beginners, Python"
"Python Data Analysis by Scott Rixner, Joe Warren",Online Course,https://www.coursera.org/learn/python-analysis,"Visual,Auditory,Kinesthetic,Reading/Writing","Data Analysis, Beginners, Python"
Intro to Data Analysis by Udacity,Online Course,https://www.udacity.com/course/intro-to-data-analysis--ud170,"Visual,Auditory,Kinesthetic,Reading/Writing","Data Analysis, Beginners"
Python for Data Analysis by Wes McKinney,Book,https://wesmckinney.com/book/,Reading/Writing,"Data Analysis, Beginners, Python"
Ad Hoc Data Analysis From The Unix Command Line by Wikibooks,Book,https://en.wikibooks.org/wiki/Ad_Hoc_Data_Analysis_From_The_Unix_Command_Line,Reading/Writing,"Data Analysis, Beginners, linux"
Data Science Fundamentals by CognitiveClass.ai,Online Course,https://cognitiveclass.ai/learn/data-science,"Visual,Auditory,Kinesthetic,Reading/Writing","Data Science, Beginners"
Data Science Methodology by CognitiveClass.ai,Online Course,https://cognitiveclass.ai/courses/data-science-methodology-2,"Visual,Auditory,Kinesthetic,Reading/Writing","Data Science, Beginners"
Data Science Foundations by IBM SkillBuild,Online Course,https://skillsbuild.org/students/course-catalog/data-science,"Visual,Auditory,Kinesthetic,Reading/Writing","Data Science, Beginners, IBM"
Data Science Tutorial by W3Schools,Online Course,https://www.w3schools.com/datascience/default.asp,"Visual,Auditory,Kinesthetic,Reading/Writing","Data Science, Beginners"
Data science for beginners by Microsoft,Online Course,https://microsoft.github.io/Data-Science-For-Beginners,"Visual,Auditory,Kinesthetic,Reading/Writing","Data Science, Beginners, Microsoft"
Data Science interview questions by Krish Naik,Video,https://www.youtube.com/playlist?list=PLZoTAELRMXVPkl7oRvzyNnyj1HS4wt2K-,Visual,"Data Science, Beginners"
Data Science Tutorial for Beginners by Scaler Topics,Online Course,https://www.scaler.com/topics/data-science/,"Visual,Auditory,Kinesthetic,Reading/Writing","Data Science, Beginners"
Data Science at the Command Line by JeroJanssens,Article,https://datascienceatthecommandline.com/2e/,Reading/Writing,"Data Science, Beginners"
"Julia Data Science by Jose Storopoli, Rik Huijzer, Lazaro Alonso",Article,https://juliadatascience.io/,Reading/Writing,"Data Science, Beginners"
Super Data Science,Podcast,https://www.superdatascience.com/podcast/,Auditory,"Data Science, Beginners, Podcast"
The Data Science Podcast by IBM,Podcast,https://developer.ibm.com/podcasts/the-data-science-podcast/,Auditory,"Data Science, Beginners, Podcast"
Towards Data Science by The TDS team,Article,https://towardsdatascience.com/podcast/home,Reading/Writing,"Data Science, Beginners"
Data Science Tutorial for Beginners - Video Course by course by Yash Sinha Scaler Topics,Online Course,https://www.scaler.com/topics/course/python-for-data-science/,"Visual,Auditory,Kinesthetic,Reading/Writing","Data Science, Beginners"
IBM Data Science Professional Certificate,Online Course,https://www.coursera.org/professional-certificates/ibm-data-science,"Visual,Auditory,Kinesthetic,Reading/Writing","Data Science, Beginners"
Python Data Science Handbook by Jake VanderPlas,Book,https://jakevdp.github.io/PythonDataScienceHandbook,Reading/Writing,"Data Science, Beginners"
Intro to Data Science by Udacity,Online Course,https://www.udacity.com/course/intro-to-data-science--ud359,"Visual,Auditory,Kinesthetic,Reading/Writing","Data Science, Beginners"
Applied Data Science with Python by CognitiveClass.ai,Video,https://www.youtube.com/watch?v=ua-CiDNNj30,Visual,"Data Science, Beginners"
Learn Data Science Tutorial - Full Course for Beginners by Barton Poulson,Video,https://www.youtube.com/watch?v=ua-CiDNNj30,Visual,"Data Science, Beginners"
Top 10 Data Science Projects for Beginners - KDnuggets,Article,https://www.kdnuggets.com/2021/06/top-10-data-science-projects-beginners.html,Reading/Writing,"Data Science, Beginners, Projects"
C++ Annotations by Frank B. Brokken,Article,https://fbb-git.gitlab.io/cppannotations,Reading/Writing,"C++, Beginner"
C++ Language,Article,http://www.cplusplus.com/doc/tutorial/,Reading/Writing,"C++, Beginner"
"C++ Programming by Panic, et al.",Article,https://en.wikibooks.org/wiki/C%2B%2B_Programming,Reading/Writing,"C++, Beginner"
C++ Tricks,Book,http://www.bordoon.com/cplusplus/book_wrapper.html,Reading/Writing,"C++, Beginner"
C++ Tutorial by Alex Allain,Book,https://www.cprogramming.com/tutorial/c++-tutorial.html,Reading/Writing,"C++, Beginner"
C++ Series by The Cherno,Video,https://www.youtube.com/playlist?list=PLlrATfBNZ98dudnM48yfGUldqGD0S4FFb,Visual,"C++, Beginner"
C++ Programming by Neso Academy,Video,https://www.youtube.com/playlist?list=PLBlnK6fEyqRh6isJ01MBnbNpV3ZsktSyS,Visual,"C++, Beginner"
C++ Programming by Kody Simpson,Video,https://www.youtube.com/playlist?list=PLfu_Bpi_zcDOtpXhhxL-P1wu0VkwNRXwC,Visual,"C++, Beginner"
C++ Tutorial by The Bad Tutorials,Video,https://www.youtube.com/playlist?list=PL_RGaFnxSHWoVZWSN-ze3VVtIfZfXwAGM,Visual,"C++, Beginner"
C++ Cheatsheet by CodeWithHarry,Book,https://www.codewithharry.com/blogpost/cpp-cheatsheet,Reading/Writing,"C++, Beginner"
C++ Tutorial by W3Schools,Online Course,https://www.w3schools.com/cpp,"Visual,Auditory,Kinesthetic,Reading/Writing","C++, Beginner"
C++ Tutorial by Scaler Topics,Online Course,https://www.scaler.com/topics/cpp/,"Visual,Auditory,Kinesthetic,Reading/Writing","C++, Beginner"
C++ Core Guidelines,Repository,https://github.com/isocpp/CppCoreGuidelines/blob/master/CppCoreGuidelines.md,"Visual,Auditory,Kinesthetic,Reading/Writing","C++, Beginner"
C++ For Programmers by JT Kalnay,Book,https://tfetimes.com/wp-content/uploads/2015/04/c-for-c-programmers.pdf,Reading/Writing,"C++, Beginner"
"C++ Succinctly, Syncfusion",Book,https://www.syncfusion.com/resources/techportal/ebooks/cplusplus,Reading/Writing,"C++, Beginner"
C++ Complete Course by Yan Chernikov,Video,https://www.youtube.com/playlist?list=PLlrATfBNZ98dudnM48yfGUldqGD0S4FFb,Visual,"C++, Beginner"
C++ Standard Library by Bo Qian,Video,https://www.youtube.com/playlist?list=PL5jc9xFGsL8G3y3ywuFSvOuNm3GjBwdkb,Visual,"C++, Beginner"
C++ For Programmers by Catherine Gamboa,Online Course,https://www.udacity.com/course/c-for-programmers--ud210,"Visual,Auditory,Kinesthetic,Reading/Writing","C++, Beginner"
C++ Quick Reference by Hooman Baradaran,Book,http://www.hoomanb.com/cs/quickref/CppQuickRef.pdf,Reading/Writing,"C++, Beginner"
C++ Programming Language by GeeksforGeeks,Article,https://www.geeksforgeeks.org/c-plus-plus/,Reading/Writing,"C++, Beginner"
C++ Notes for Professionals by Compiled from StackOverflow Documentation,Book,https://goalkicker.com/CPlusPlusBook,Reading/Writing,"C++, Beginner"
C++ Programming Video Lectures by Saurabh School of Computing,Video,https://www.youtube.com/playlist?list=PLTZbNwgO5ebo64D1k0DJQGX30X6iSTmRr,Visual,"C++, Beginner"
C++ STL by example by Douglas Schmidt,Video,https://www.youtube.com/playlist?list=PLZ9NgFYEMxp5oH3mrr4IlFBn03rjS-gN1,Visual,"C++, Beginner"
"C++ Compilation, Linking, and Makefiles by Amy Larson",Video,https://youtube.com/playlist?list=PLNUvpxaaFJ_i6BYqbxTVeK5AOcFzQbboQ,Visual,"C++, Beginner"
C++ Tutorial for Complete Beginners by John Purcell,Video,https://www.youtube.com/watch?v=vLnPwxZdW4Y,Visual,"C++, Beginner"
"C++ GUI Programming With Qt 3 by Jasmin Blanchette, Mark Summerfield",Book,https://ptgmedia.pearsoncmg.com/images/0131240722/downloads/blanchette_book.pdf,Reading/Writing,"C++, Beginner"
C++ Programming Course Beginner to Advanced by Daniel Gakwaya,Video,https://www.youtube.com/watch?v=8jLOx1hD3_o,Visual,"C++, Beginner"
C++ Tutorial for Beginners Full Course by Mike Dane,Video,https://www.youtube.com/watch?v=vLnPwxZdW4Y,Visual,"C++, Beginner"
C++ Programming Tutorial for Beginners (For Absolute Beginners) by ProgrammingKnowledge,Video,https://www.youtube.com/playlist?list=PLS1QulWo1RIYSyC6w2-rDssprPrEsgtVK,Visual,"C++, Beginner"
C++ Tutorial for Beginners Learn C++ in 1 Hour by Programming with Mosh,Video,https://www.youtube.com/watch?v=ZzaPdXTrSb8,Visual,"C++, Beginner"
C++ STL: The ONLY Video You Need | Compulsory for DSA/CP by Utkarsh Gupta,Video,https://www.youtube.com/watch?v=PZogbfU4X5E,Visual,"C++, Beginner"
"More C++ Idioms by Sumant Tambe, et al.",Book,https://en.wikibooks.org/wiki/More_C%2B%2B_Idioms,Reading/Writing,"C++, Beginner"
"Essential C++ by Krzysztof Kowalczyk, StackOverflow Contributors",Book,https://www.programming-books.io/essential/cpp/,Reading/Writing,"C++, Beginner"
Sololearn C++,Online Course,https://www.sololearn.com/en/,"Visual,Auditory,Kinesthetic,Reading/Writing","C++, Beginner"
CUDA C++ Programming guide by Nvidia,Book,https://docs.nvidia.com/cuda/pdf/CUDA_C_Programming_Guide.pdf,Reading/Writing,"Nvidia, C++, Beginner"
Google's C++ Course,Online Course,https://developers.google.com/edu/c++/,"Visual,Auditory,Kinesthetic,Reading/Writing","Google, C++, Beginner"
Google's C++ Style Guide,Book,https://google.github.io/styleguide/cppguide.html,Reading/Writing,"Google, C++, Beginner"
The Boost C++ libraries by Boris Schäling,Book,http://theboostcpplibraries.com/,Reading/Writing,"C++, Beginner"
TypeScript Accelerated by James Porter,Book,https://accelerated.amimetic.co.uk/,Reading/Writing,"TypeScript, Beginner"
TypeScript Accelerated by James Porter,Audio,https://s3.eu-west-2.amazonaws.com/elm-accelerated-downloads/ElmAcceleratedAudio.zip,Auditory,"TypeScript, Beginner"
TypeScript Handbook by Microsoft,Book,https://www.typescriptlang.org/assets/typescript-handbook.pdf,Reading/Writing,"TypeScript, Beginner"
TypeScript Deep Dive,Book,https://basarat.gitbooks.io/typescript/,Reading/Writing,"TypeScript, Beginner"
"TypeScript Succinctly, Syncfusion",Book,https://www.syncfusion.com/resources/techportal/ebooks/typescript,Reading/Writing,"TypeScript, Beginner"
TypeScript Cheat Sheet by Robert Molina,Book,https://rmolinamir.github.io/typescript-cheatsheet/,Reading/Writing,"TypeScript, Beginner"
TypeScript: TS Playground,Online Course,https://www.typescriptlang.org/play,Kinesthetic,"TypeScript, Beginner"
TypeScript for C# Programmers,Book,http://www.infoq.com/minibooks/typescript-c-sharp-programmers,Reading/Writing,"TypeScript, Beginner"
TypeScript in 50 Lessons by Stefan Baumgartner,Book,https://www.smashingmagazine.com/provide/eBooks/typescript-in-50-lessons.pdf,Reading/Writing,"TypeScript, Beginner"
TypeScript Notes for Professionals by Compiled from StackOverflow documentation,Book,https://goalkicker.com/TypeScriptBook2/,Reading/Writing,"TypeScript, Beginner"
"TypeScript Fast Crash Course by Edwin Diaz, Coding Faculty Solutions",Online Course,https://www.udemy.com/typescript-fast-crash-course/,"Visual,Auditory,Kinesthetic,Reading/Writing","TypeScript, Beginner"
TypeScript Tutorial for Beginners 2022 by Programming with Mosh,Video,https://www.youtube.com/watch?v=d56mG7DezGs,Visual,"TypeScript, Beginner"
TypeScript Course for BeginnersLearn TypeScript from Scratch! by Academind,Video,https://www.youtube.com/watch?v=BwuLxPH8IDs,Visual,"TypeScript, Beginner"
Learn TypeScript,Online Course,https://www.codecademy.com/learn/learn-typescript,"Visual,Auditory,Kinesthetic,Reading/Writing","TypeScript, Beginner"
"ES6 and Typescript Tutorial by Codevolution, Vishwas Gopinath",Video,https://www.youtube.com/playlist?list=PLC3y8-rFHvwhI0V5mE9Vu6Nm-nap8EcjV,"Visual, Kinesthetic","TypeScript, Beginner"
Learn TypeScript in Y Minutes,Video,https://learnxinyminutes.com/docs/typescript/,"Visual, Kinesthetic","TypeScript, Beginner"
"Essential TypeScript by Krzysztof Kowalczyk, StackOverflow Contributors",Book,https://www.programming-books.io/essential/typescript/,Reading/Writing,"TypeScript, Beginner"
Beginner's Typescript by Matt Pocock,Online Course,https://www.totaltypescript.com/tutorials/beginners-typescript,"Visual,Auditory,Kinesthetic,Reading/Writing","TypeScript, Beginner"
Tackling TypeScript: Upgrading from JavaScript by Dr. Axel Rauschmayer,Book,https://exploringjs.com/ts/book/index.html,Reading/Writing,"TypeScript, Beginner"
Introduction to TypeScript by Daniel Stern,Online Course,https://www.udemy.com/typescript/,"Visual,Auditory,Kinesthetic,Reading/Writing","TypeScript, Beginner"
"Essential Nextjs Typescript Tailwind Stack by Fireship, Ben Awad, Traversy Media, Devs Force",Video,https://www.youtube.com/playlist?list=PLKEkvhqFCRwL94nLP-TdIfNmbiZk5FCMx,Visual,"TypeScript, Beginner"
Cloudera Impala by John Russel,Book,https://docs.cloudera.com/documentation/enterprise/latest/PDF/cloudera-impala.pdf,Reading/Writing,"Cloud, Beginner"
Cloud Design Patterns,Article,https://docs.microsoft.com/en-us/azure/architecture/patterns/,Reading/Writing,"Cloud, Beginner"
Cloud Computing Basics with AWS by Trailhead,Online Course,https://trailhead.salesforce.com/content/learn/modules/aws-cloud,"Visual,Auditory,Kinesthetic,Reading/Writing","Cloud, Beginner"
Cloud Computing Tutorial by Scaler,Online Course,https://www.scaler.com/topics/cloud-computing/,"Visual,Auditory,Kinesthetic,Reading/Writing","Cloud, Beginner"
"Cloud Computing for Science and Engineering by Ian Foster, Dennis B. Gannon",Book,https://cloud4scieng.org/chapters/,Reading/Writing,"Cloud, Beginner"
Google Cloud Platform Podcast by Google Cloud Platform team,Podcast,https://www.gcppodcast.com/,Auditory,"Cloud, Beginner"
On Cloud by Deloitte US,Podcast,https://www2.deloitte.com/us/en/pages/consulting/topics/cloud-podcast.html,Auditory,"Cloud, Beginner"
"The Cloudcast by Aaron Delp, Brian Gracely",Podcast,https://www.thecloudcast.net/,Auditory,"Cloud, Beginner"
Cloud Computing Full Course In 11 Hours | Cloud Computing Tutorial For Beginners by Edureka!,Video,https://www.youtube.com/watch?v=2LaAJq1lB1Q,"Visual,Auditory,Kinesthetic,Reading/Writing","Cloud, Beginner"
"The Cloud Pod by Justin Brodley, Jonathan Baker, Ryan Lucas and Peter Roosakos",Podcast,https://www.thecloudpod.net/,Auditory,"Cloud, Beginner"
IBM Cloud Essentials V3 by CognitiveClass.ai,Online Course,https://cognitiveclass.ai/courses/ibm-cloud-essentials,"Visual,Auditory,Kinesthetic,Reading/Writing","Cloud, IBM, Beginner"
Google Cloud Platform,Online Course,https://cloud.google.com/training/free-labs/,"Visual,Auditory,Kinesthetic,Reading/Writing","Cloud, Google, Beginner"
Microsoft Cloud Show by Andrew Connell and Chris Johnson,Podcast,https://www.microsoftcloudshow.com/,Auditory,"Cloud, Microsoft, Beginner"
SoundCloud Application in React + Redux,Article,https://www.robinwieruch.de/the-soundcloud-client-in-react-redux/,Reading/Writing,"Cloud, Beginner"
A Mathematical Theory of Communication by Claude E.Shannon,Book,https://archive.org/details/bstj27-4-623,Reading/Writing,"Cloud, Beginner"
Migrating to Cloud-Native Application Architectures,Article,https://cognitiveclass.ai/courses/introduction-to-cloud,Reading/Writing,"Cloud, Beginner"
AWS Certified Cloud Practitioner Course by Stephane Maarek,Video,https://youtube.com/playlist?list=PLt1SIbA8guuvfvUDVLpJepmbnYpOfYCIB,Visual,"Cloud, Beginner"
Bash Basics for Cloud Computing by Kumulus Technologies,Online Course,https://www.udemy.com/course/bash-basics-for-cloud-computing/,"Visual,Auditory,Kinesthetic,Reading/Writing","Cloud, Beginner"
Programming Cloud Services for Android Handheld Systems,Online Course,https://www.coursera.org/course/mobilecloudprogram,"Visual,Auditory,Kinesthetic,Reading/Writing","Cloud, Beginner"
Machine learning by David Nishimoto,Podcast,https://anchor.fm/david-nishimoto,Auditory,"Machine Learning, Beginner"
Machine Learning by Nerd's Lesson,Video,https://youtube.com/playlist?list=PL7T06JEc5PF5Vuz1U7lEEaFPOExDbKVEh,Visual,"Machine Learning, Beginner"
Machine Learning Simplified by Andrew Wolf,Book,https://themlsbook.com/read,Reading/Writing,"Machine Learning, Beginner"
"Machine Learning Specialization by Andrew Ng, Eddy Shyu, Aarti Bagul, Geoff Ladwig",Online Course,https://www.coursera.org/specializations/machine-learning-introduction,"Visual,Auditory,Kinesthetic,Reading/Writing","Machine Learning, Beginner"
Learning Machines 101 by Richard M. Golden,Book,https://archive.org/details/ataribooks-machine-language-for-beginners,Reading/Writing,"Machine Learning, Beginner"
Machine Learning for Beginners by Microsoft,Repository,https://github.com/Microsoft/ML-For-Beginners,"Kinesthetic, Reading/Writing","Machine Learning, Beginner"
Machine Learning from Scratch by Danny Friedman,Book,https://dafriedman97.github.io/mlbook/,Reading/Writing,"Machine Learning, Beginner"
Machine Learning with Python by Tutorials Point,Article,https://www.tutorialspoint.com/machine_learning_with_python/,Reading/Writing,"Machine Learning, Beginner"
Machine Learning with Python by Saeed Aghabozorgi,Online Course,https://cognitiveclass.ai/courses/machine-learning-with-python,"Kinesthetic, Reading/Writing","Machine Learning, Beginner"
Machine Learning Cheat Sheet by DataCamp Team,Book,https://www.datacamp.com/cheat-sheet/machine-learning-cheat-sheet,Reading/Writing,"Machine Learning, Beginner"
Machine Learning with Python by FreeCodeCamp,Online Course,https://www.freecodecamp.org/learn/machine-learning-with-python,"Visual,Auditory,Kinesthetic,Reading/Writing","Machine Learning, Beginner"
"Machine Learning for Data Streams by Albert Bifet, Ricard Gavaldà, Geoff Holmes, Bernhard Pfahringer",Book,https://moa.cms.waikato.ac.nz/book-html/,Reading/Writing,"Machine Learning, Beginner"
Machine Learning Tutorial in Python by edureka!,Video,https://youtube.com/playlist?list=PL9ooVrP1hQOHUfd-g8GUpKI3hHOwM_9Dn,Visual,"Machine Learning, Beginner"
Machine Learning Recipes with Josh Gordon,Video,https://www.youtube.com/playlist?list=PLOU2XLYxmsIIuiBfYad6rFYQU_jL2ryal,Visual,"Machine Learning, Beginner"
"Machine Learning For Dummies®, IBM Limited Edition by Daniel Kirsch, Judith Hurwitz",Book,https://www.ibm.com/downloads/cas/GB8ZMQZ3,Reading/Writing,"IBM, Machine Learning, Beginner"
"Machine Learning — Andrew Ng, Stanford University by Andrew Ng",Video,https://youtube.com/playlist?list=PLLssT5z_DsK-h9vYZkQkYNWcItqhlRJLN,Visual,"Machine Learning, Beginner"
Machine Learning with Python: Zero to GBMs,Online Course,https://jovian.ai/learn/machine-learning-with-python-zero-to-gbms,"Visual,Auditory,Kinesthetic,Reading/Writing","Machine Learning, Beginner"
AWS Machine Learning Foundations Course by AWS,Online Course,https://www.udacity.com/course/aws-machine-learning-foundations--ud065,"Visual,Auditory,Kinesthetic,Reading/Writing","AWS, Machine Learning, Beginner"
Machine Learning Tutorial Python | Machine Learning For Beginners by Dhaval Patel,Podcast,https://www.learningmachines101.com/,Auditory,"Machine Learning, Beginner"
"Python Machine Learning Projects by Lisa Tagliaferri, Brian Boucheron, Michelle Morales, Ellie Birkbeck, Alvin Wan",Book,https://www.digitalocean.com/community/books/python-machine-learning-projects-a-digitalocean-ebook,Reading/Writing,"Machine Learning, Beginner"
Complete Machine Learning Bootcamp by Code for Cause,Video,https://youtube.com/playlist?list=PLyzHIYrZBplo3K0dNUqppd2ynnoZPD6N1,"Visual, Kinesthetic","Machine Learning, Beginner"
Intro to Machine Learning,Online Course,https://www.kaggle.com/learn/intro-to-machine-learning,"Visual,Auditory,Kinesthetic,Reading/Writing","Machine Learning, Beginner"
Python Machine Learning By Example by Yuxi,Book,https://www.packtpub.com/free-ebooks/python-machine-learning-example,Reading/Writing,"Machine Learning, Beginner"
Google's Machine Learning Crash Course,Online Course,https://developers.google.com/machine-learning/crash-course/,"Visual,Auditory,Kinesthetic,Reading/Writing","Google, Machine Learning, Beginner"
Intro to Machine Learning Udacity,Online Course,https://www.udacity.com/course/intro-to-machine-learning--ud120,"Visual,Auditory,Kinesthetic,Reading/Writing","Machine Learning, Beginner"
Complete Machine Learning in Python playlist by Krish Naik,Video,https://www.youtube.com/playlist?list=PLZoTAELRMXVPBTrWtJkn3wWQxZkmTXGwe,Visual,"Machine Learning, Beginner"
A Course in Machine Learning,Book,http://ciml.info/dl/v0_9/ciml-v0_9-all.pdf,Reading/Writing,"Machine Learning, Beginner"
Intro to Machine Learning using Microsoft Azure by Microsoft,Online Course,https://www.udacity.com/course/introduction-to-machine-learning-using-microsoft-azure--ud00333,"Visual,Auditory,Kinesthetic,Reading/Writing","Microsoft, Machine Learning, Beginner"
"Top 10 Machine Learning Algorithms Every Engineer Should Know by Binny Mathews, Omair Aasim",Online Course,https://www.dezyre.com/article/top-10-machine-learning-algorithms/202,Kinesthetic,"Machine Learning, Beginner"
Artificial Intelligence on Google Cloud Platform by Srivatsan Srinivasan @ AIEngineering,Online Course,https://www.youtube.com/playlist?list=PL3N9eeOlCrP6Nhv4UFp67IsQ_TVDpXqXK,Visual,"AI, Google"
MIT's Artificial Intelligence by Prof. Patrick Henry Winston,Online Course,http://ocw.mit.edu/courses/electrical-engineering-and-computer-science/6-034-artificial-intelligence-fall-2010/,"Visual,Auditory,Kinesthetic,Reading/Writing","AI, MIT"
Artificial Intelligence Search Methods For Problem Solving by nptelhrd,Video,https://youtube.com/playlist?list=PLbMVogVj5nJSFZoiF6RDqyz_m6Srjx_MY,Visual,"AI, Beginner"
"Artificial Intelligence Foundations of Computational Agents, Second Edition by David L. Poole, Alan K. Mackworth",Book,https://artint.info/2e/html/ArtInt2e.html,Reading/Writing,"AI, Beginner"
"Artificial Intelligence: Foundations of Computational Agents (2010), 1st Edition by David L. Poole, Alan K. Mackworth @ Cambridge University Press",Book,https://artint.info/aifca1e.html,Reading/Writing,"AI, Beginner"
What is Artificial Intelligence?,Article,https://intelligencereborn.com/ArtificialIntelligence.html,Reading/Writing,"AI, Beginner"
Artificial Intelligence for a Better Future: An Ecosystem Perspective on the Ethics of AI and Emerging Digital Technologies by Bernd Carsten Stahl,Book,https://link.springer.com/book/10.1007/978-3-030-69978-9,Reading/Writing,"AI, Beginner"
"The History of Artificial Intelligence by Chris Smith, Brian McGuire, Ting Huang, Gary Yang",Book,https://courses.cs.washington.edu/courses/csep590/06au/projects/history-ai.pdf,Reading/Writing,"AI, Beginner"
Paradigms of Artificial Intelligence Programming: Case Studies in Common Lisp by Peter Norvig,Repository,https://github.com/norvig/paip-lisp,Reading/Writing,"AI, Beginner"
(en) The Quest for Artificial Intelligence: A History of Ideas and Achievements by Nils J. Nilsson,Book,http://ai.stanford.edu/~nilsson/QAI/qai.pdf,Reading/Writing,"AI, Beginner"
Deep Learning Fundamentals by DeepLearning.TV,Online Course,https://cognitiveclass.ai/courses/introduction-deep-learning,"Visual,Auditory,Kinesthetic,Reading/Writing","Deep Learning, Beginner"
"Introduction to TensorFlow for Artificial Intelligence, Machine Learning, and Deep Learning by DeepLearning.ai",Online Course,https://www.coursera.org/learn/introduction-tensorflow,"Visual,Auditory,Kinesthetic,Reading/Writing","AI, Machine Learning, Deep Learning"
"Deep Learning by Ian Goodfellow, Yoshua Bengio, Aaron Courville",Book,http://www.deeplearningbook.org/,Reading/Writing,"Deep Learning, Beginner"
Deep Learning Specialization,Online Course,https://www.coursera.org/specializations/deep-learning,"Visual,Auditory,Kinesthetic,Reading/Writing","Deep Learning, Beginner"
"Deep Learning with PyTorch by Aakash N. S., freeCodeCamp.org",Video,https://www.youtube.com/playlist?list=PLWKjhJtqVAbm3T2Eq1_KgloC7ogdXxdRa,"Visual, Kinesthetic","Deep Learning, Beginner"
"DeepLearningKeras & TF Cheat Sheet by Chester Hsieh, Cheatography",Book,https://cheatography.com/chesterhsieh/cheat-sheets/deeplearning-keras-and-tf/pdf/,Reading/Writing,"Deep Learning, Beginner"
Deep Learning for Natural Language Processing,Online Course,http://web.stanford.edu/class/cs224n/,"Visual,Auditory,Kinesthetic,Reading/Writing","Deep Learning, Stanford"
Deep Learning with Pytorch: Zero tp GANs,Online Course,https://jovian.ai/learn/deep-learning-with-pytorch-zero-to-gans,"Visual,Auditory,Kinesthetic,Reading/Writing","Deep Learning, Beginner"
Deep Learning With Tensorflow 2.0 and Keras by codebasics,Video,https://youtube.com/playlist?list=PLeo1K3hjS3uu7CxAacxVndI4bE_o3BDtO,"Visual, Kinesthetic","Deep Learning, Beginner"
NYU Deep Learning SP21,Video,https://youtube.com/playlist?list=PLLHTzKZzVU9e6xUfG10TkTWApKSZCzuBI,Visual,"Deep Learning, Beginner, NYU"
"Deep Learning for Coders with Fastai and PyTorch by Jeremy Howard, Sylvain Gugger",Repository,https://github.com/fastai/fastbook,Reading/Writing,"Deep Learning, Beginner"
Deep Reinforcement Learning by Sergey Levine,Online Course,http://rail.eecs.berkeley.edu/deeprlcourse/,"Visual,Auditory,Kinesthetic,Reading/Writing","Deep Learning, Beginner"
Complete Deep Learning by Krish Naik,Video,https://www.youtube.com/playlist?list=PLZoTAELRMXVPGU70ZGsckrMdr0FteeRUi,Visual,"Deep Learning, Beginner"
What is Deep Learning,Online Course,https://www.udacity.com/course/deep-learning--ud730,"Visual,Auditory,Kinesthetic,Reading/Writing","Deep Learning, Beginner"
Intro to Deep Learning by Ryan Holbrook,Online Course,https://www.kaggle.com/learn/intro-to-deep-learning,"Visual,Auditory,Kinesthetic,Reading/Writing","Deep Learning, Beginner"
Dive into Deep Learning,Book,http://d2l.ai/,Reading/Writing,"Deep Learning, Beginner"
"Practical Deep Learning for Coders, v3 (using fastai library)",Book,https://course.fast.ai/,Reading/Writing,"Deep Learning, Beginner"
Api on Rails 6 by Alexandre Rousseau,Video,https://www.youtube.com/playlist?list=PLftLUHfDSiZ6MfN8UhhcXDhh64eejvIKK,Visual,"API, Beginner"
Learn Computer Graphics From Scratch! by Scratchapixel,Online Course,https://www.scratchapixel.com/,"Visual,Auditory,Kinesthetic,Reading/Writing","Computer Graphics, Beginner"
Rapid website design with Bootstrap by Laurence Svekis,Online Course,https://www.udemy.com/course/responsive-website-design,"Visual,Auditory,Kinesthetic,Reading/Writing","Websites, Bootstrap"
Shaping up with Angular.js by Codeschool,Online Course,https://www.codeschool.com/courses/shaping-up-with-angular-js,"Visual,Auditory,Kinesthetic,Reading/Writing","Angular.js, Beginner"
Web API Design by Brian Mulloy,Book,https://pages.apigee.com/rs/apigee/images/api-design-ebook-2012-03.pdf,Reading/Writing,"API, Beginner"
Google API Gateway,Online Course,https://run.qwiklabs.com/focuses/269?catalog_rank=%7B%22rank%22%3A3%2C%22num_filters%22%3A1%2C%22has_search%22%3Atrue%7D&parent=catalog&search_id=3605949,"Visual,Auditory,Kinesthetic,Reading/Writing","API, Beginner"
Your API Is Bad by Paddy Foran,Book,https://leanpub.com/yourapiisbad/read,Reading/Writing,"API, Beginner"
Web Audio API by Boris Smus,Book,http://chimera.labs.oreilly.com/books/1234000001552,Reading/Writing,"Audio API, Beginner"
Versioned APIs with Phoenix by Elvio Vicosa,Book,https://web.archive.org/web/20210309052043/https://elviovicosa.com/freebies/versioned-apis-with-phoenix-by-elvio-vicosa.pdf,Reading/Writing,"API, Beginner"
Node.js API Development for Beginners,Online Course,https://www.udemy.com/course/node-js-api-tutorial/,"Visual,Auditory,Kinesthetic,Reading/Writing","API, Beginner, Node js"
Google Maps API Succinctly by Mark Lewin,Book,https://www.syncfusion.com/ebooks/google_maps_api_succinctly,Reading/Writing,"API, Beginner, Google Maps"
RESTful API with Ruby On Rails 5 by Udemy,Online Course,https://www.udemy.com/course/restful-api-with-ruby-on-rails-5/,"Visual,Auditory,Kinesthetic,Reading/Writing","RESTful API, Beginner"
Working with Web APIs by Launch School,Book,https://launchschool.com/books/working_with_apis,Reading/Writing,"API, Beginner"
Building REST APIs with Rails by Abraham Kuri Vargas,Book,https://www.softcover.io/read/06acc071/api_on_rails,Reading/Writing,"RESTful API, Beginner"
The Java Web Scraping Handbook by Kevin Sahin,Book,https://www.scrapingbee.com/java-webscraping-book,Reading/Writing,"Web Scraping, Beginner"
Ember App with RailsApi,Repository,https://dockyard.com/blog/ember/2013/01/07/building-an-ember-app-with-rails-api-part-1,Kinesthetic,"API, Beginner"
OpenMP 4.0 API C/C++ Syntax Quick Reference Card,Article,https://www.openmp.org/wp-content/uploads/OpenMP-4.0-C.pdf,Reading/Writing,"OpenMP,  API,  C, C++ "
Python Web Scraping & Crawling using Scrapy,Video,https://www.youtube.com/playlist?list=PLhTjy8cBISEqkN-5Ku_kXG4QW33sxQo0t,Visual,"Python, Web Scraping, Beginner"
Building a RESTful API with Node.js by Academind,Video,https://www.youtube.com/playlist?list=PL55RiY5tL51q4D-B63KBnygU6opNPFk_q,Visual,"RESTful API, Beginner"
"Vue.js 2.3 Complete API Cheat Sheet by Marcos Neves, Marozed",Book,https://marozed.com/vue-cheatsheet,Reading/Writing,"Vue.js, API, Beginner"
Golang basics by Golang dojo,Video,https://www.youtube.com/playlist?list=PLve39GJ2D71xX0Ham0WoPaYfl8oTzZfN6,Visual,"Go, Beginner"
Talks at Google by Google,Video,https://www.youtube.com/playlist?list=PLGGpadyh0wS7XnpWK8ofxWhL7F72KcDRj,Visual,"Go, Beginner"
Learn Go | Learn Go Programming by golangr.com,Book,https://golangr.com/,Reading/Writing,"Go, Beginner"
Go Dojo Cheatsheet by Golang CheatSheet by golang-dojo,Book,https://products.golangdojo.com/golang-cheat-sheet-by-golang-dojo,Reading/Writing,"Go, Beginner"
Goalkicker by Programming Notes for Professionals books,Book,https://goalkicker.com/,Reading/Writing,"Go, Beginner"
Introduction to Git and GitHub by Google,Online Course,https://www.coursera.org/learn/introduction-git-github,"Visual,Auditory,Kinesthetic,Reading/Writing","Git, Github, Beginner"
MongoDB Cheat Sheet by MongoDB,Book,https://www.mongodb.com/developer/quickstart/cheat-sheet,Reading/Writing,"MangoDB, Beginner"
Golang in under an hour by Eli Goldberg,Video,https://www.youtube.com/watch?v=N0fIANJkwic,Visual,"Go, Beginner"
"MongoDB University by MongoDB, Inc.",Online Course,https://university.mongodb.com/,"Visual,Auditory,Kinesthetic,Reading/Writing","MangoDB, Beginner"
Go 101,Article,https://go101.org/article/101.html,Reading/Writing,"Go, Beginner"
Go Bootcamp by Matt Aimonetti,Book,http://www.golangbootcamp.com/book,Reading/Writing,"Go, Beginner"
Go Handbook by Flavio Copes,Book,https://thevalleyofcode.com/go/,Reading/Writing,"Go, Beginner"
Go Succinctly by Mark Lewin,Book,https://www.syncfusion.com/succinctly-free-ebooks/go-succinctly,Reading/Writing,"Go, Beginner"
Go Tutorial by Tutorials Point,Online Course,http://www.tutorialspoint.com/go/,"Visual,Auditory,Kinesthetic,Reading/Writing","Go, Beginner"
"Go Time by Mat Ryer, John Calhoun, Natalie Pistunovich, Johnny Boursiquot, Angelica Hill, Kris Brandow, Mark Bates, Carmen Andoh, et al. The Changelog team",Podcast,https://changelog.com/gotime,Auditory,"Go, Beginner"
Made with ML by Goku Mohandas,Online Course,https://madewithml.com/,"Visual,Auditory,Kinesthetic,Reading/Writing","ML, Beginner"
"Go Cheatsheet by devhints, Rico Santa Cruz",Book,https://devhints.io/go,Reading/Writing,"Go, Beginner"
Next.js Cheatsheet handy snippets and tips by Gourav Goyal,Book,https://gourav.io/blog/nextjs-cheatsheet,Reading/Writing,"Next.js, Beginner"
Go Koans,Repository,https://github.com/cdarwin/go-koans,"Kinesthetic, Reading/Writing","Go, Beginner"
Go Tutorial by W3Schools,Online Course,https://www.w3schools.com/go/,"Visual,Auditory,Kinesthetic,Reading/Writing","Go, Beginner"
Go Playground,Playground,https://play.golang.org/,Kinesthetic,"Go, Beginner"
Google CTF,Challenge,https://capturetheflag.withgoogle.com/,Kinesthetic,"CTF, Google"
"Learn Go by Google, Robert Griesemer, Rob Pike, and Ken Thompson",Online Course,https://www.codecademy.com/learn/learn-go,"Visual,Auditory,Kinesthetic,Reading/Writing","Go, Beginner"
Go by Example,Article,https://gobyexample.com/,Reading/Writing,"Go, Beginner"
Go: An Introduction by Shane Logsdon,Video,https://www.youtube.com/watch?v=SI-okTfauyw,Visual,"Go, Beginner"
Go Programming Tutorial by Derek Banas,Video,https://www.youtube.com/watch?v=CF9S4QZuV30,Visual,"Go, Beginner"
"Offline Web Applications by Google, Michael Wales",Online Course,https://www.udacity.com/course/offline-web-applications--ud899,"Visual,Auditory,Kinesthetic,Reading/Writing","Web, Offline"
Algorithms by Wikibooks,Book,https://en.wikibooks.org/wiki/Algorithms,Reading/Writing,"Algorithm, Beginner"
Algorithms by Abdul Bari,Video,https://www.youtube.com/playlist?list=PLDN4rrl48XKpZkf03iYFl-O29szjTrs_O,Visual,"Algorithm, Beginner"
Docker Tutorial for Beginners | Full Course [2021] by Amigoscode,Video,https://www.youtube.com/watch?v=p28piYY_wv8,Visual,"Docker, Beginner"
Google Android Developer Training,Online Course,https://developer.android.com/guide,"Visual,Auditory,Kinesthetic,Reading/Writing","Google, Android, Beginner"
Google Shell Style Guide by Paul Armstrong,Article,https://google.github.io/styleguide/shell.xml,Reading/Writing,"Google, Shell Script"
The Complete Cyber Security & Hacking Course by INSEC-TECHS,Online Course,https://academy.ehacking.net/p/cyber-security-training-hacking-course,"Visual,Auditory,Kinesthetic,Reading/Writing","Cyber Security, Beginner"
Git by Gwendolyn Faraday,Video,https://www.youtube.com/playlist?list=PLFBirL3MAv29Vy_L7MmV2QaZLvAadFPHR,Visual,"Git, Github, Beginner"
Git Branching,Playground,https://learngitbranching.js.org/,Kinesthetic,"Git, Github, Beginner"
Git Cheat Sheet by GitHub,Book,https://education.github.com/git-cheat-sheet-education.pdf,Reading/Writing,"Git, Github, Beginner"
Git Cheat Sheet by GitLab,Book,https://about.gitlab.com/images/press/git-cheat-sheet.pdf,Reading/Writing,"Git, Github, Beginner"
GitMinutes by Thomas Ferris Nicolaisen,Podcast,https://www.gitminutes.com/,Auditory,"Git, Github, Beginner"
git-game,Repository,https://github.com/git-game/git-game,Kinesthetic,"Git, Github, Beginner"
git-game-v2,Repository,https://github.com/git-game/git-game-v2,Kinesthetic,"Git, Github, Beginner"
Githug,Repository,https://github.com/Gazler/githug,Kinesthetic,"Git, Github, Beginner"
Git Reference by The GitHub team,Book,https://web.archive.org/web/20170602211147/http://gitref.org/,Reading/Writing,"Git, Github, Beginner"
GitLab Handbook,Book,https://about.gitlab.com/handbook/,Reading/Writing,"Git, Github, Beginner"
Git cookbook by Dennis Kaarsemaker,Book,https://git.seveas.net/about.html,Reading/Writing,"Git, Github, Beginner"
Git Immersion by Jim Weirich,Playground,http://gitimmersion.com/,Kinesthetic,"Git, Github, Beginner"
Git internals by Scott Chacon,Book,https://github.com/pluralsight/git-internals-pdf/raw/master/drafts/peepcode-git.pdf,Reading/Writing,"Git, Github, Beginner"
Git Tutorial by Tutorials Point,Online Course,https://www.tutorialspoint.com/git/,"Visual,Auditory,Kinesthetic,Reading/Writing","Git, Github, Beginner"
Git-Tutorial For-Beginners by HubSpot Product Team,Online Course,https://product.hubspot.com/blog/git-and-github-tutorial-for-beginners,"Visual,Auditory,Kinesthetic,Reading/Writing","Git, Github, Beginner"
Git Workflows by Yan Pritzker,Book,https://web.archive.org/web/20210910133251/http://documentup.com/skwp/git-workflows-book,Reading/Writing,"Git, Github, Beginner"
Git Tutorial by W3Schools,Online Course,https://www.w3schools.com/git/,"Visual,Auditory,Kinesthetic,Reading/Writing","Git, Github, Beginner"
Git Pocket Guide by Richard E. Silverman,Book,https://www.oreilly.com/library/view/git-pocket-guide/9781449327507,Reading/Writing,"Git, Github, Beginner"
"Git Succinctly, Syncfusion by Ryan Hodson",Book,https://www.syncfusion.com/resources/techportal/ebooks/git,Reading/Writing,"Git, Github, Beginner"
"Git & GitHub by Briana Marie, freeCodeCamp.org",Video,https://www.youtube.com/playlist?list=PLWKjhJtqVAbkFiqHnNaxpOPhh9tSWMXIF,"Visual, Kinesthetic","Git, Github, Beginner"
"Git & GitHub by Raghav Pal, Automation Step by Step",Video,https://www.youtube.com/playlist?list=PLhW3qG5bs-L8OlICbNX9u4MZ3rAt5c5GG,"Visual, Kinesthetic","Git, Github, Beginner"
GIT for beginners by Maksym Rudnyi,Online Course,https://www.eduonix.com/git-for-beginners,"Visual,Auditory,Kinesthetic,Reading/Writing","Git, Github, Beginner"
Git How To by Alexander Shvets,Online Course,https://githowto.com/,"Visual,Auditory,Kinesthetic,Reading/Writing","Git, Github, Beginner"
GitHub Cheat Sheet by Tim Green,Repository,https://github.com/tiimgreen/github-cheat-sheet,Reading/Writing,"Git, Github, Beginner"
How to Use Ansible: A Reference Guide by DigitalOcean,Book,https://www.digitalocean.com/community/cheatsheets/how-to-use-ansible-cheat-sheet-guide,Reading/Writing,"Git, Github, Beginner"
Git for Computer Scientists by Tommi Virtanen,Article,http://eagain.net/articles/git-for-computer-scientists/,Reading/Writing,"Git, Github, Beginner"
Git In The Trenches by Peter Savage,Book,http://cbx33.github.io/gitt/index.html,Reading/Writing,"Git, Github, Beginner"
Git Notes for Professionals by Compiled from StackOverflow Documentation,Book,http://goalkicker.com/GitBook,Reading/Writing,"Git, Github, Beginner"
Git and Github Tutorial by Jhan Carlos Silva,Video,https://www.youtube.com/watch?v=NPRUsCcZwJ4,Visual,"Git, Github, Beginner"
Git Cheat Sheet (id) by Reyhan Alhafizal,Article,https://reyhanhamidi.medium.com/buku-saku-git-cheatsheet-git-bahasa-indonesia-3af42e42156e,Reading/Writing,"Git, Github, Beginner"
"GitHub Actions Security Best Practices [cheat sheet included] by Thomas Segura, GitGuardian, C.J. May",Book,https://blog.gitguardian.com/github-actions-security-cheat-sheet/,Reading/Writing,"Git, Github, Beginner"
Git From The Bottom Up by J. Wiegley,Book,https://jwiegley.github.io/git-from-the-bottom-up/,Reading/Writing,"Git, Github, Beginner"
Data Structures by Aditya CSE,Book,https://adityacse.weebly.com/uploads/2/4/0/7/24078687/data-structures.pdf,Reading/Writing,"Data Structure, Beginner "
Data Structures by Wikibooks,Book,https://en.wikibooks.org/wiki/Data_Structures,Reading/Writing,"Data Structure, Beginner "
Data Structures by mycodeschool,Video,https://www.youtube.com/playlist?list=PL2_aWCzGMAwI3W_JlcBbtYTwiQSsOTa6P,Visual,"Data Structure, Beginner "
"Data Structures by Niema Moshiri, Liz Izhikevich",Online Course,https://stepik.org/course/579/syllabus,"Visual,Auditory,Kinesthetic,Reading/Writing","Data Structure, Beginner "
Data Structures by Neso Academy,Video,https://youtube.com/playlist?list=PLBlnK6fEyqRj9lld8sWIUNwlKfdUoPd1Y,Visual,"Data Structure, Beginner "
Data Structures (Into Java) by Paul N. Hilfinger,Book,https://inst.eecs.berkeley.edu/~cs61b/fa14/book2/data-structures.pdf,Reading/Writing,"Data Structure, Beginner "
Data Structure and Algorithm by Lalit Vashistha,Video,https://www.youtube.com/playlist?list=PLLvKknWU7N4y_eGpQdg1Y-hORO7cxtoLU,Visual,"Data Structure and Algorithm, DSA"
Data Structures | Python by Amulya's Academy,Video,https://www.youtube.com/playlist?list=PLzgPDYo_3xukPJdH6hVQ6Iic7KiJuoA-l,Visual,"Data Structure and Algorithm, DSA, Python"
Data Structures and Algorithms by CS Dojo,Video,https://youtube.com/playlist?list=PLBZBJbE_rGRV8D7XZ08LK6z-4zPoWzu5H,Visual,"Data Structure and Algorithm, DSA"
Data Structures and Algorithms by Jenny's lectures CS/IT NET&JRF,Video,https://www.youtube.com/playlist?list=PLdo5W4Nhv31bbKJzrsKfMpo_grxuLl8LU,Visual,"Data Structure and Algorithm, DSA"
Data Structures and Algorithms by Tech Dev Guide by Google,Online Course,https://techdevguide.withgoogle.com/paths/data-structures-and-algorithms/?no-filter=true,"Visual,Auditory,Kinesthetic,Reading/Writing","Data Structure and Algorithm, DSA"
"Data Structures and Algorithms Specialization by UC San Diego, HSE University",Online Course,https://www.coursera.org/specializations/data-structures-algorithms,"Visual,Auditory,Kinesthetic,Reading/Writing","Data Structure and Algorithm, DSA"
Data Structures and Algorithms in Python by B. R. Preiss,Book,https://web.archive.org/web/20161016153130/http://www.brpreiss.com/books/opus7/html/book.html,Reading/Writing,"Data Structure and Algorithm, DSA, Python"
"Data Structures Succinctly Part 1, Syncfusion by Robert Horvick",Book,https://www.syncfusion.com/resources/techportal/ebooks/datastructurespart1,Reading/Writing,"Data Structure and Algorithm, DSA"
"Data Structures Succinctly Part 2, Syncfusion by Robert Horvick",Book,https://www.syncfusion.com/resources/techportal/ebooks/datastructurespart2,Reading/Writing,"Data Structure and Algorithm, DSA"
Data Structures and Algorithms for Beginners by Mosh Hamedani,Video,https://www.youtube.com/watch?v=BBpAmxU_NQo,Visual,"Data Structure and Algorithm, DSA"
Data Structures and Algorithms Full Course by Simplilearn,Video,https://www.youtube.com/watch?v=LcKqYoX8uH4,Visual,"Data Structure and Algorithm, DSA"
Data Structures And Algorithms In Python by Coding Ninjas,Video,https://www.youtube.com/playlist?list=PLrk5tgtnMN6TYBW0-U4YhIRyYEVpqVEnJ,Visual,"Data Structure and Algorithm, DSA, Python"
Data Structures and Algorithms in Swift by Udacity,Online Course,https://www.udacity.com/course/data-structures-and-algorithms-in-swift--ud1011,"Visual,Auditory,Kinesthetic,Reading/Writing","Data Structure and Algorithm, DSA"
Data Structures in C++ - For Beginners by Pedro Mercado,Online Course,https://www.udemy.com/course/data-structures-for-beginners-c-plusplus,"Visual,Auditory,Kinesthetic,Reading/Writing","Data Structure and Algorithm, DSA, C++"
"Data Structures and Algorithms: Annotated Reference with Examples by G. Barnett, L. Del Tongo",Book,https://web.archive.org/web/20170715160229/http://dotnetslackers.com/Community/files/folders/data-structures-and-algorithms/entry30283.aspx,Reading/Writing,"Data Structure and Algorithm, DSA"
Data Structures and Algorithms in Java Full Course by Dinesh Varyani,Video,https://youtube.com/playlist?list=PL6Zs6LgrJj3tDXv8a_elC6eT_4R5gfX4d,Visual,"Data Structure and Algorithm, DSA"
Data Structures and Algorithms Cheat Sheet - Cheatography,Article,https://cheatography.com/burcuco/cheat-sheets/data-structures-and-algorithms/,Reading/Writing,"Data Structure and Algorithm, DSA"
Data Structures in Java for the Principled Programmer (2007) by Duane A. Bailey,Book,https://web.archive.org/web/20190302130416/http://dept.cs.williams.edu/~bailey/JavaStructures/Book_files/JavaStructures.pdf,Reading/Writing,"Data Structure and Algorithm, DSA, Java"
Data Structures And Algorithms DSA In JAVA Full Course by Coding Ninjas,Video,https://www.youtube.com/playlist?list=PLrk5tgtnMN6StFV60jlQ9W-RXyHppbp8G,Visual,"Data Structure and Algorithm, DSA, Java"
Data structures and algorithms study cheatsheets for coding interviews,Book,https://www.techinterviewhandbook.org/algorithms/study-cheatsheet/,Reading/Writing,"Data Structure and Algorithm, DSA"
Data Structures and Algorithms with Object-Oriented Design Patterns in C# by Bruno Preiss,Book,https://web.archive.org/web/20161220072449/http://www.brpreiss.com/books/opus6/,Reading/Writing,"Data Structure and Algorithm, DSA"
Data Structures and Algorithms in Python Full Course for Beginners by Aakash N S,Video,https://www.youtube.com/watch?v=pkYVOmU3MgA,Reading/Writing,"Data Structure and Algorithm, DSA"
Open Data Structures (In C++) by Pat Morin,Book,http://opendatastructures.org/ods-cpp.pdf,Reading/Writing,"Data Structure and Algorithm, DSA, C++"
Open Data Structures (in Java) by Pat Morin,Book,http://opendatastructures.org/ods-java.pdf,Reading/Writing,"Data Structure and Algorithm, DSA, Java"
Open Data Structures: An Introduction by Pat Morin,Article,https://opendatastructures.org/,Reading/Writing,"Data Structure and Algorithm, DSA"
Advanced Data Structures by Erik Demaine,Article,https://opendatastructures.org/,Reading/Writing,"Data Structure and Algorithm, DSA"
Advanced Data Structures by Uzair Javed Akhtar,Video,https://www.youtube.com/playlist?list=PLv9sD0fPjvSHqIOLTIvHJWjkdH0IdzmXT,Visual,"Data Structure and Algorithm, DSA"
Data Structures Easy to Advanced Course - Full Tutorial from a Google Engineer by William Fiset,Video,https://www.youtube.com/watch?v=RBSGKlAvoiM,Visual,"Data Structure and Algorithm, DSA"
Algorithms and Data-Structures by Niklaus Wirth,Book,https://inf.ethz.ch/personal/wirth/AD.pdf,Reading/Writing,"Data Structure and Algorithm, DSA"
Think Data Structures: Algorithms and Information Retrieval in Java by Allen B. Downey,Book,https://greenteapress.com/wp/think-data-structures/,Reading/Writing,"Data Structure and Algorithm, DSA"
500 Data structures and algorithms interview questions and their solutions in C++,Book,https://www.quora.com/q/techiedelight/500-Data-Structures-and-Algorithms-interview-questions-and-their-solutions,Reading/Writing,"Data Structure and Algorithm, DSA"
"Intro to Data Structures and Algorithms by Brynn Claypoole, Horatio Thomas",Online Course,https://www.udacity.com/course/data-structures-and-algorithms-in-python--ud513,"Visual,Auditory,Kinesthetic,Reading/Writing","Data Structure and Algorithm, DSA"
Cornell's Data Structures and Functional Programming,Online Course,http://www.cs.cornell.edu/courses/cs3110/2015fa/,"Visual,Auditory,Kinesthetic,Reading/Writing","Data Structure and Algorithm, DSA"
Algorithms and Data Structures Cheatsheet,Book,https://algs4.cs.princeton.edu/cheatsheet/,Reading/Writing,"Data Structure and Algorithm, DSA"
"Database Explorations by C.J. Date, Hugh Darwen",Book,http://www.dcs.warwick.ac.uk/~hugh/TTM/Database-Explorations-revision-2.pdf,Reading/Writing,"Database, Beginner"
Database Fundamentals by Neeraj Sharma et al.,Book,http://public.dhe.ibm.com/software/dw/db2/express-c/wiki/Database_fundamentals.pdf,Reading/Writing,"Database, Beginner"
Database Systems,Online Course,http://ocw.mit.edu/courses/electrical-engineering-and-computer-science/6-830-database-systems-fall-2010/,"Visual,Auditory,Kinesthetic,Reading/Writing","Database, Beginner"
MySQL Cheatsheet by Database Star,Book,https://s3-us-west-2.amazonaws.com/dbshostedfiles/dbs/sql_cheat_sheet_mysql.pdf,Reading/Writing,"Database, Beginner, MySQL"
PostgreSQL Cheatsheet by Database Star,Book,https://s3-us-west-2.amazonaws.com/dbshostedfiles/dbs/sql_cheat_sheet_pgsql.pdf,Reading/Writing,"Database, Beginner, PostgreSQL"
Database Management System by Malla Reddy College of Engineering and Technology,Book,https://mrcet.com/downloads/digital_notes/ECE/III%20Year/DATABASE%20MANAGEMENT%20SYSTEMS.pdf,Reading/Writing,"Database, Beginner"
Database Design Succinctly by Joseph D. Booth,Book,https://www.syncfusion.com/succinctly-free-ebooks/database-design-succinctly,Reading/Writing,"Database, Beginner"
"Database Design – 2nd Edition by Adrienne Watt, Nelson Eng @ BCcampus Open Pressbooks",Book,https://opentextbc.ca/dbdesign01/,Reading/Writing,"Database, Beginner"
Database Management Systems eBooks For All Edition,Book,http://www.lincoste.com/ebooks/english/pdf/computers/database_management_systems.pdf,Reading/Writing,"Database, Beginner"
"Database Management Systems Solutions Manual Third Edition by Raghu Ramakrishnan, Johannes Gehrke, Jeff Derstadt, Scott Selikof, and Lin Zhu",Book,https://pages.cs.wisc.edu/~dbbook/openAccess/thirdEdition/solutions/ans3ed-oddonly.pdf,Reading/Writing,"Database, Beginner"
CMU Intro to Database Systems by CMU Database Group,Video,https://youtube.com/playlist?list=PLSE8ODhjZXjaKScG3l0nuOiDTTqpfnWFf,Visual,"Database, Beginner"
"Databases, Types, and The Relational Model: The Third Manifesto by C.J. Date, Hugh Darwen",Book,http://www.dcs.warwick.ac.uk/~hugh/TTM/DTATRM.pdf,Reading/Writing,"Database, Beginner"
"Database Systems - Cornell University Course (SQL, NoSQL, Large-Scale Data Analysis) by Professor Immanuel Trummer, freeCodeCamp.org",Video,https://www.youtube.com/watch?v=4cWkVbC2bNE,Visual,"Database, Beginner"
Graph Databases,Book,http://graphdatabases.com/,Reading/Writing,"Database, Beginner"
NoSQL Databases by Christof Strauch,Book,http://www.christof-strauch.de/nosqldbs.pdf,Reading/Writing,"Database, Beginner, NoSQL"
"Graph Databases For Dummies by Dr. Jim Webber, Rik Van Bruggen",Book,https://neo4j.com/graph-databases-for-dummies/,Reading/Writing,"Database, Beginner"
Temporal Database Management by Christian S. Jensen,Book,http://people.cs.aau.dk/~csj/Thesis/,Reading/Writing,"Database, Beginner"
Defensive Database Programming by Alex Kuznetsov,Book,https://www.red-gate.com/library/defensive-database-programming,Reading/Writing,"Database, Beginner"
Neo4j Graph Database Tutorial by Satish C J,Video,https://www.youtube.com/playlist?list=PLqfPEK2RTgChcOZ6qHgSfwiBPCz2Bzdjh,Visual,"Database, Beginner"
"Readings in Database Systems, 5th Ed.",Book,http://www.redbook.io/,Reading/Writing,"Database, Beginner"
Foundations of Databases,Book,http://webdam.inria.fr/Alice/,Reading/Writing,"Database, Beginner"
Introduction to Databases,Online Course,https://www.edx.org/course/introduction-to-database-queries,"Visual,Auditory,Kinesthetic,Reading/Writing","Database, Beginner"
Introduction to Database Queries by Aspen Olmsted,Online Course,https://www.edx.org/course/introduction-to-database-queries,"Visual,Auditory,Kinesthetic,Reading/Writing","Database, Beginner"
Neo4j (Graph Database) Crash Course by Laith Academy,Video,https://www.youtube.com/watch?v=8jNPelugC2s,Visual,"Database, Beginner, Neo4j"
Introduction to Databases and SQL Querying by Rakesh Gopalakrishnan,Online Course,https://www.udemy.com/course/introduction-to-databases-and-sql-querying/,"Visual,Auditory,Kinesthetic,Reading/Writing","Database, Beginner"
SQL Tutorial - Full Database Course for Beginners by Mike Dane,Video,https://www.youtube.com/watch?v=HXV3zeQKqGY,Visual,"Database, Beginner, SQL"
SQLite Tutorial,Online Course,https://www.tutorialspoint.com/sqlite/,"Visual,Auditory,Kinesthetic,Reading/Writing","Database, Beginner, SQLite"
MySQL Notes for Professionals by Compiled from StackOverflow Documentation,Book,https://goalkicker.com/MySQLBook/,Reading/Writing,"Database, Beginner, SQL"
PostgreSQL Tutorial by Tutorials Point,Online Course,https://www.tutorialspoint.com/postgresql/,"Visual,Auditory,Kinesthetic,Reading/Writing","Database, Beginner, PostgreSQL"
SQL Tutorial - Full Database Course for Beginners by Mike Dane,Video,https://www.youtube.com/watch?v=HXV3zeQKqGY,Visual,"Database, Beginner, SQL"
SQL at Codecademy,Online Course,https://www.codecademy.com/courses/learn-sql,"Visual,Auditory,Kinesthetic,Reading/Writing","Database, Beginner, SQL"
SQL Tutorial by W3Schools,Online Course,https://www.w3schools.com/sql,"Visual,Auditory,Kinesthetic,Reading/Writing","Database, Beginner, SQL"
MongoDB Koans,Repository,https://github.com/chicagoruby/MongoDB_Koans,"Kinesthetic, Reading/Writing","MongoDB, Beginner"
Solidity Cheatsheet and Best practices by Manoj Ramesh,Article,https://manojpramesh.github.io/solidity-cheatsheet/,Reading/Writing,"MongoDB, Beginner"
MongoDB Tutorial by W3Schools,Online Course,https://www.w3schools.com/mongodb,"Visual,Auditory,Kinesthetic,Reading/Writing","MongoDB, Beginner"
"MongoDB Succinctly, Syncfusion",Book,https://www.syncfusion.com/resources/techportal/ebooks/mongodb,Reading/Writing,"MongoDB, Beginner"
MongoDB Cheat Sheet by codecentric,Book,https://blog.codecentric.de/files/2012/12/MongoDB-CheatSheet-v1_0.pdf,Reading/Writing,"MongoDB, Beginner"
MongoDB Notes for Professionals by Compiled from StackOverflow Documentation,Book,https://goalkicker.com/MongoDBBook/,Reading/Writing,"MongoDB, Beginner"
"Frontend First by Sam Selikoff, Ryan Toronto",Podcast,https://player.fm/series/frontend-first,Auditory,"Frontend, Beginner"
Frontend Five by CodeSchool,Online Course,https://frontendfive.codeschool.com/,"Visual,Auditory,Kinesthetic,Reading/Writing","Frontend, Beginner"
Complete HTML/CSS BootCamp by FrontEnd Masters,Online Course,https://frontendmasters.com/bootcamp/,"Visual,Auditory,Kinesthetic,Reading/Writing","Frontend, Beginner, HTML, CSS"
Frontend Armory: React Fundamentals by James K. Nelson,Online Course,https://frontarm.com/courses/react-fundamentals/,"Visual,Auditory,Kinesthetic,Reading/Writing","Frontend, Beginner, React"
"Frontend UI Development with React by Jeff Delaney, Fireship.io",Video,https://www.youtube.com/playlist?list=PL0vfts4VzfNgUUEtEjxDVfh4iocVR3qIb,Visual,"Frontend, Beginner"
Front-End Developer Handbook 2019 by Cody Lindley,Book,https://frontendmasters.com/guides/front-end-handbook/2019/,Reading/Writing,"Frontend, Beginner"
ReactJS Frontend Web Development For Beginners by Ryan Dhungel,Online Course,https://www.udemy.com/course/react-tutorial/,"Visual,Auditory,Kinesthetic,Reading/Writing","Frontend, Beginner, React"
Front End Development Libraries: Redux by freeCodeCamp,Online Course,https://www.freecodecamp.org/learn/front-end-development-libraries/redux,"Visual,Auditory,Kinesthetic,Reading/Writing","Frontend, Beginner"
Front End Development Libraries Certification: Bootstrap by freeCodeCamp,Online Course,https://www.freecodecamp.org/learn/front-end-libraries/bootstrap,"Visual,Auditory,Kinesthetic,Reading/Writing","Frontend, Beginner"
Front End Development Libraries Certification: jQuery by freeCodeCamp,Online Course,https://www.freecodecamp.org/learn/front-end-libraries/jquery,"Visual,Auditory,Kinesthetic,Reading/Writing","Frontend, Beginner"
Front End Development Libraries Certification: React by freeCodeCamp,Online Course,https://www.freecodecamp.org/learn/front-end-libraries/react,"Visual,Auditory,Kinesthetic,Reading/Writing","Frontend, Beginner"
Book of Modern Frontend Tooling by Various,Book,https://github.com/tooling/book-of-modern-frontend-tooling,Reading/Writing,"Frontend, Beginner"
React,Online Course,https://progate.com/languages/react,"Visual,Auditory,Kinesthetic,Reading/Writing","React, Beginner"
React-Bits,Repository,https://github.com/vasanthk/react-bits,Reading/Writing,"React, Beginner"
ReactCasts by Cassio Zen,Video,https://www.youtube.com/channel/UCZkjWyyLvzWeoVWEpRemrDQ,Visual,"React, Beginner"
"Reactive by Kahlil Lechelt, Raquel Vélez, Henning Glatter-Götz",Podcast,https://podcasts.apple.com/us/podcast/reactive/id1020286000,Auditory,"React, Beginner"
React Succinctly by Samer Buna,Book,https://www.syncfusion.com/ebooks/react-succinctly,Reading/Writing,"React, Beginner"
React Tutorial,Online Course,https://reactjs.org/tutorial/tutorial.html,"Visual,Auditory,Kinesthetic,Reading/Writing","React, Beginner"
React Podcast by Michael Chan,Podcast,https://reactpodcast.simplecast.fm/,Auditory,"React, Beginner"
React Wednesdays by Kathryn Grayson Nanz,Online Course,https://www.telerik.com/react-wednesdays,"Visual,Auditory,Kinesthetic,Reading/Writing","React, Beginner"
React Hooks by WebDevSimplified,Video,https://www.youtube.com/playlist?list=PLZlA0Gpn_vH8EtggFGERCwMY5u5hOjf-h,Visual,"React, Beginner"
React Tutorials by freeCodeCamp,Video,https://www.youtube.com/playlist?list=PLWKjhJtqVAbkArDMazoARtNz1aMwNWmvC,"Visual, Kinesthetic","React, Beginner"
ReactJS Basics by Bitfumes,Video,https://www.youtube.com/playlist?list=PLe30vg_FG4OSw8SIcLVci-jB_-W1ZkLYp,"Visual, Kinesthetic","React, Beginner"
ReactJS Tutorials by GeeksforGeeks,Online Course,https://www.geeksforgeeks.org/reactjs-tutorials,"Visual,Auditory,Kinesthetic,Reading/Writing","React, Beginner"
React.js Cheatsheet by Devhints.io,Book,https://devhints.io/react,Reading/Writing,"React, Beginner"
React Tutorial,Online Course,https://react-tutorial.app/,"Visual,Auditory,Kinesthetic,Reading/Writing","React, Beginner"
React Tutorial by W3Schools,Online Course,https://www.w3schools.com/react/,"Visual,Auditory,Kinesthetic,Reading/Writing","React, Beginner"
React Tutorial by Scaler Topics,Online Course,https://www.scaler.com/topics/react/,"Visual,Auditory,Kinesthetic,Reading/Writing","React, Beginner"
React in patterns by Krasimir Tsonev,Book,https://krasimir.gitbooks.io/react-in-patterns/content,Reading/Writing,"React, Beginner"
React Primer Draft,Repository,https://github.com/mikechau/react-primer-draft,Reading/Writing,"React, Beginner"
React Native Express,Book,http://www.reactnativeexpress.com/,Reading/Writing,"React, Beginner"
React Native Training,Book,https://www.gitbook.com/book/unbug/react-native-training/details,Reading/Writing,"React, Beginner"
Reactive Microservices Architecture,Book,https://www.lightbend.com/ebooks/reactive-microservices-architecture-design-principles-for-distributed-systems-oreilly,Reading/Writing,"React, Beginner"
"React Native Radio by Jamon Holmgren, Robin Heinze, Mazen Chami, Jon Major",Podcast,https://www.reactnativeradio.com/episodes,Auditory,"React, Beginner"
"React Round Up by Carl Mungazi, Charles Max Wood, TJ VanToll, Paige Niedringhaus, Jack Herrington, et al.",Podcast,https://reactroundup.com/episodes,Auditory,"React, Beginner"
React Native Animation Book,Book,http://browniefed.com/react-native-animation-book/,Reading/Writing,"React, Beginner"
React Crash Course 2020 by freecodecamp,Video,https://www.youtube.com/watch?v=4UZrsTqkcW4,"Visual, Kinesthetic","React, Beginner"
ReactJS Tutorial for Beginners by Codevolution,Video,https://www.youtube.com/playlist?list=PLC3y8-rFHvwgg3vaYJgHGnModB54rxOk3,"Visual, Kinesthetic","React, Beginner"
React Native for Beginners by The Net Ninja,Video,https://www.youtube.com/playlist?list=PL4cUxeGkcC9ixPU-QkScoRBVxtPPzVjrQ,"Visual, Kinesthetic","React, Beginner"
"React Native Tutorial (2021) by Programming with Mash, MAhdi SHarifimehr",Video,https://youtube.com/playlist?list=PL8kfZyp--gEXs4YsSLtB3KqDtdOFHMjWZ,"Visual, Kinesthetic","React, Beginner"
React Tutorial for Beginners by codevolution,Video,https://www.youtube.com/playlist?list=PLC3y8-rFHvwgg3vaYJgHGnModB54rxOk3,"Visual, Kinesthetic","React, Beginner"
"React Testing Library CheatSheet by Kent C. Dodds, et al.",Book,https://testing-library.com/docs/react-testing-library/cheatsheet/,Reading/Writing,"React, Beginner"
React JS Notes for Professionals by Compiled from StackOverflow Documentation,Book,https://goalkicker.com/ReactJSBook/,Reading/Writing,"React, Beginner"
React with ASP.NET Core Tutorial,Article,https://reactjs.net/getting-started/aspnetcore.html,Reading/Writing,"React, Beginner"
React Native Notes for Professionals by Compiled from StackOverflow documentation,Book,https://goalkicker.com/ReactNativeBook,Reading/Writing,"React, Beginner"
React Context & Hooks Tutorial by The Net Ninja,Video,https://www.youtube.com/playlist?list=PL4cUxeGkcC9hNokByJilPg5g9m2APUePI,Visual,"React, Beginner"
"React Patterns for web apps by Lydia Hallie, Addy Osmani",Book,https://www.patterns.dev/book/,Reading/Writing,"React, Beginner"
React Testing Library Crash Course by The Net Ninja,Video,https://www.youtube.com/playlist?list=PL4cUxeGkcC9gm4_-5UsNmLqMosM-dzuvQ,Visual,"React, Beginner"
Flutter Tutorial by Tutorials Point,Online Course,https://www.tutorialspoint.com/flutter/,"Visual,Auditory,Kinesthetic,Reading/Writing","Flutter, Beginner"
"Flutter Tutorial by Matt Sullivan, James Williams, Mary Xia",Online Course,https://www.udacity.com/course/build-native-mobile-apps-with-flutter--ud905,"Visual,Auditory,Kinesthetic,Reading/Writing","Flutter, Beginner"
Flutter Studio,Playground,https://flutterstudio.app/,Kinesthetic,"Flutter, Beginner"
Flutter in Action by Eric Windmill,Book,https://livebook.manning.com/book/flutter-in-action/,Reading/Writing,"Flutter, Beginner"
"Flutter Succinctly, Syncfusion",Book,https://www.syncfusion.com/succinctly-free-ebooks/flutter-ui-succinctly,Reading/Writing,"Flutter, Beginner"
Flutter Tutorials Handbook,Book,https://kodestat.gitbook.io/flutter,Reading/Writing,"Flutter, Beginner"
Flutter Crash Course by Nick Manning,Online Course,https://fluttercrashcourse.com/courses/basics/lessons/materialapp-scaffold-appbar-text,"Visual,Auditory,Kinesthetic,Reading/Writing","Flutter, Beginner"
"Flutter UI Succinctly, Syncfusion by Ed Freitas",Book,https://www.syncfusion.com/succinctly-free-ebooks/flutter-ui-succinctly,Reading/Writing,"Flutter, Beginner"
Flutter State Management Course by Vandad Nahavandipoor,Video,https://www.youtube.com/playlist?list=PL6yRaaP0WPkUf-ff1OX99DVSL1cynLHxO,"Visual, Kinesthetic","Flutter, Beginner"
Flutter Tutorial for Beginners by Mayuresh Wankhede,Online Course,https://www.udemy.com/course/learn-flutter-beginners-course,"Visual,Auditory,Kinesthetic,Reading/Writing","Flutter, Beginner"
Flutter Tutorial for Beginners by The Net Ninja,Video,https://www.youtube.com/playlist?list=PL4cUxeGkcC9jLYyp2Aoh6hcWuxFDX6PBJ,Visual,"Flutter, Beginner"
Flutter Tutorial for Beginners by Solute Labs,Online Course,https://www.solutelabs.com/blog/flutter-tutorial-for-beginners-step-by-step-guide,"Visual,Auditory,Kinesthetic,Reading/Writing","Flutter, Beginner"
Flutter & Firebase App Build by The Net Ninja,Video,https://www.youtube.com/playlist?list=PL4cUxeGkcC9j--TKIdkb3ISfRbJeJYQwC,Visual,"Flutter, Beginner"
Flutter Course for Beginners - 37 hour by freeCodeCamp.org,Video,https://www.youtube.com/watch?v=VPvVD8t02U8,"Visual, Kinesthetic","Flutter, Beginner"
Free Flutter Course by Vandad Nahavandipoor,Video,https://www.youtube.com/playlist?list=PL6yRaaP0WPkVtoeNIGqILtRAgd3h2CNpT,"Visual, Kinesthetic","Flutter, Beginner"
Free Flutter Animations Course by The Net Ninja,Video,https://youtube.com/playlist?list=PL4cUxeGkcC9gP1qg8yj-Jokef29VRCLt1,"Visual, Kinesthetic","Flutter, Beginner"
RESTful Web Services,Book,http://restfulwebapis.org/RESTful_Web_Services.pdf,Reading/Writing,"RESTful API, Beginner"
RESTful Web Services,Book,http://restfulwebapis.org/RESTful_Web_Services.pdf,Reading/Writing,"RESTful API, Beginner"
"Arrested DevOps by Bridget Kromhout, Jeff Smith, Jessica Kerr, Joe Laha, Matt Stratton, Trevor Hess",Podcast,https://www.arresteddevops.com/,Auditory,"RESTful API, Beginner"
RESTful API with Ruby On Rails 5 by Udemy,Online Course,https://www.udemy.com/course/restful-api-with-ruby-on-rails-5/,"Visual,Auditory,Kinesthetic,Reading/Writing","RESTful API, Beginner"
Pro Git Reedited by Jon Forrest,Book,https://leanpub.com/progitreedited/read,Reading/Writing,"Git, Github, Beginner"
Django Rest Framework by Compiled from StackOverflow Documentation,Book,https://riptutorial.com/Download/django-rest-framework.pdf,Reading/Writing,"Django, Beginner"
Django RESTful Web Services by Gaston C. Hillar,Book,https://www.packtpub.com/free-ebooks/django-restful-web-services,Reading/Writing,"Django, Beginner"
Programming OpenResty,Book,https://www.gitbook.com/book/openresty/programming-openresty/details,Reading/Writing,"Django, Beginner"
Building REST APIs with Rails by Abraham Kuri Vargas,Book,https://www.softcover.io/read/06acc071/api_on_rails,Reading/Writing,"Django, Beginner"
Building a RESTful API with Node.js by Academind,Video,https://www.youtube.com/playlist?list=PL55RiY5tL51q4D-B63KBnygU6opNPFk_q,"Visual, Kinesthetic","Django, Beginner"
Django Filters,Book,https://django-filter.readthedocs.io/en/stable/,Reading/Writing,"Django, Beginner"
Django Storages,Book,https://django-storages.readthedocs.io/en/latest/,Reading/Writing,"Django, Beginner"
Django Tinymce,Book,https://django-tinymce.readthedocs.io/en/latest/,Reading/Writing,"Django, Beginner"
Django Wednesdays by Codemy.com,Video,https://www.youtube.com/playlist?list=PLCC34OHNcOtqW9BJmgQPPzUpJ8hl49AGy,Visual,"Django, Beginner"
Django Tutorials by Corey Schafer,Video,https://www.youtube.com/playlist?list=PL-osiE80TeTtoQCKZ03TU5fNfx2UY6U4p,Visual,"Django, Beginner"
Django Girls Tutorial,Online Course,https://tutorial.djangogirls.org/en/,"Visual,Auditory,Kinesthetic,Reading/Writing","Django, Beginner"
Django Official Documentation,Book,https://media.readthedocs.org/pdf/django/1.5.x/django.pdf,Reading/Writing,"Django, Beginner"
Django Rest Framework by Compiled from StackOverflow Documentation,Book,https://riptutorial.com/Download/django-rest-framework.pdf,Reading/Writing,"Django, Beginner"
Django for Everybody by Charles R. Severence,Online Course,https://www.dj4e.com/,"Visual,Auditory,Kinesthetic,Reading/Writing","Django, Beginner"
Django Quick Reference by Code with Harry,Article,https://www.codewithharry.com/blogpost/django-cheatsheet/,"Reading/Writing, Kinesthetic","Django, Beginner"
Django RESTful Web Services by Gaston C. Hillar,Book,https://www.packtpub.com/free-ebooks/django-restful-web-services,Reading/Writing,"Django, Beginner"
Django Web Framework (Python) by MDN contributors,Article,https://developer.mozilla.org/en-US/docs/Learn/Server-side/Django,Reading/Writing,"Django, Beginner"
Django Tutorial for Beginners by Navin Reddy,Video,https://www.youtube.com/playlist?list=PLsyeobzWxl7r2ukVgTqIQcl-1T0C2mzau,Visual,"Django, Beginner"
Django tutorial for Beginners by ProgrammingWithHarry,Video,https://www.youtube.com/playlist?list=PLK8cqdr55Tsv-D2HMdrnD32oOVBNvmxjr,Visual,"Django, Beginner"
Django Tutorials for Beginners by Programming With Harry,Video,https://www.youtube.com/playlist?list=PLK8cqdr55Tsv-D2HMdrnD32oOVBNvmxjr,Visual,"Django, Beginner"
Django Web App Beginners Cheat sheet by Jaysha,Article,https://ordinarycoders.com/blog/article/django-beginners-guide,Reading/Writing,"Django, Beginner"
Django 3.0 Crash Course Tutorials | Customer Management App by Dennis Ivy,Video,https://www.youtube.com/playlist?list=PL-51WBLyFTg2vW-_6XBoUpE7vpmoR3ztO,Visual,"Django, Beginner"
"Try Django Tutorial by Justin Mitchel, CodingEntrepreneurs",Video,https://www.youtube.com/playlist?list=PLEsfXFp6DpzRgedo9IzmcpXYoSeDg29Tx,Visual,"Django, Beginner"
Djen of Django,Book,http://agiliq.com/books/djenofdjango/,Reading/Writing,"Django, Beginner"
Python Django Tutorial 2021 by Dennis Ivy,Video,https://www.youtube.com/playlist?list=PL-51WBLyFTg1pUMaTJ4WSgnyvWfLGmwDm,Visual,"Python, Django, Beginner"
Diving into Django by Jeff Hui,Online Course,https://code.tutsplus.com/articles/diving-into-django--net-2969,"Reading/Writing, Kinesthetic","Django, Beginner"
(Python + Django) Cheatsheet by Eric The Coder,Book,https://dev.to/ericchapman/my-beloved-django-cheat-sheet-2056,Reading/Writing,"Python, Django, Beginner"
Python Django Tutorial 2018 for Beginners by Clever Programmer,Video,https://www.youtube.com/playlist?list=PL-J2q3Ga50oOpni_xS2PPUe4mf9lM96dD,Visual,"Python, Django, Beginner"
"Try Django 3.2 - Python Web Development Tutorial Series by Justin Mitchel, CodingEntrepreneurs",Video,https://www.youtube.com/playlist?list=PLEsfXFp6DpzRMby_cSoWTFw8zaMdTEXgL,Visual,"Python, Django, Beginner"
How to Tango With Django,Book,http://www.tangowithdjango.com/book17/,Reading/Writing,"Django, Beginner"
Game Programming Patterns,Book,http://gameprogrammingpatterns.com/contents.html,Reading/Writing,"Game Development, Beginner"
Game AI Pro by Steve Rabin,Book,https://www.gameaipro.com/,Reading/Writing,"Game Development, Beginner"
GameMaker Studio 2 by HeartBeast,Video,https://www.youtube.com/playlist?list=PL9FzW-m48fn1CFiBHB1liGKIyVO9j3A-I,Visual,"Game Development, Beginner"
Game Creation with XNA by Wikibooks,Book,https://en.wikibooks.org/wiki/Game_Creation_with_XNA,Reading/Writing,"Game Development, Beginner"
"Game Design with AGS by Dave Ensminger, A. G. Madi",Book,https://ensadi.github.io/AGSBook/,Reading/Writing,"Game Development, Beginner"
Codingame,Game,https://www.codingame.com/start,Kinesthetic,"Programming Games, Beginner"
GameMaker Studio 2 - Action RPG Tutorial by Shaun Spalding,Video,https://www.youtube.com/playlist?list=PLPRT_JORnIuosvhfax2TQTEmN7OYTcSvK,Visual,"Game Development, Beginner"
Game Design and Development 1: 2D Shooter (Unity) by Brian Winn,Online Course,https://coursera.org/share/20c8b45e02110782aff633467f979c81,"Visual,Auditory,Kinesthetic,Reading/Writing","Unity,Game Development, Beginner"
MonoGame Succinctly by Jim Perry,Book,https://www.syncfusion.com/ebooks/monogame_succinctly,Reading/Writing,"Game Development, Beginner"
Pygame (Python Game Development) by thenewboston,Video,https://www.youtube.com/playlist?list=PL6gx4Cwl9DGAjkwJocj7vlc_mFU-4wXJq,Visual,"Python,Game Development, Beginner"
3D Game Shaders For Beginners by David Lettier,Repository,https://github.com/lettier/3d-game-shaders-for-beginners,"Reading/Writing, Kinesthetic","3D Games Development, Beginner"
MonoGame Role-Playing Game Development Succinctly by Jim Perry and Charles Humphrey,Book,https://www.syncfusion.com/succinctly-free-ebooks/monogame-role-playing-game-development-succinctly,Reading/Writing,"Game Development, Beginner"
2D Game Development: From Zero To Hero by Daniele Penazzo,Repository,https://github.com/Penaz91/2DGD_F0TH,"Reading/Writing, Kinesthetic","2D Games Development, Beginner"
Developing Games With Ruby by Tomas Varaneckas,Book,https://leanpub.com/developing-games-with-ruby/read,Reading/Writing,"Game Development, Beginner"
The Python Game Book by Horst Jens,Book,https://web.archive.org/web/20210308080726/https://thepythongamebook.com/en%3Astart,Reading/Writing,"Python, Game Development, Beginner"
Platform Game Development w/ Construct 2 by thenewboston,Video,https://www.youtube.com/playlist?list=PL6gx4Cwl9DGAp287UuTE0-K7Ty-b8rGAX,Visual,"Game Development, Beginner"
CS50 2019 - Games Track by David J. Malan,Video,https://www.youtube.com/playlist?list=PLhQjrBD2T382mHvZB-hSYWvoLzYQzT_Pb,Visual,"Game Development, Beginner"
Overthewire Wargames fungame to practice CTF,Game,https://overthewire.org/wargames/bandit,Kinesthetic,"Game Development, Beginner"
The Booty5 HTML5 Game Maker Manual,Book,http://booty5.com/booty5-free-html-game-maker-e-book-manual/,Reading/Writing,"Game Development, Beginner"
SDL::Manual Writing Games in Perl,Repository,https://github.com/PerlGameDev/SDL_Manual,Reading/Writing,"Game Development, Beginner"
Godot 3 2D Platform Game by HeartBeast,Video,https://www.youtube.com/playlist?list=PL9FzW-m48fn2jlBu_0DRh7PvAt-GULEmd,Visual,"Game Development, Beginner"
Program Arcade Games With Python And Pygame,Book,http://programarcadegames.com/,Reading/Writing,"Game Development, Beginner"
TheNewBoston - Pygame (Python Game Development) Playlist by Bucky Roberts,Video,https://www.youtube.com/playlist?list=PL6gx4Cwl9DGAjkwJocj7vlc_mFU-4wXJq,Visual,"Python, Game Development, Beginner"
Code Your First Game: Arcade Classic in JavaScript on Canvas by Chris DeLeon,Online Course,https://www.udemy.com/code-your-first-game/,"Visual,Auditory,Kinesthetic,Reading/Writing","JavaScript, Game Development, Beginner"
Level up your code with game programming patterns by Unity,Book,https://resources.unity.com/games/level-up-your-code-with-game-programming-patterns,Reading/Writing,"Unity,Game Development, Beginner"
Unity Beginner Fundamentals by Pluralsight Company,Online Course,https://learn.unity.com/course/unity-beginner-fundamentals,"Visual,Auditory,Kinesthetic,Reading/Writing","Unity,Game Development, Beginner"
Unity Beginner Tutorials,Video,https://www.youtube.com/playlist?list=PLPV2KyIb3jR5QFsefuO2RlAgWEz6EvVi6,Visual,"Unity,Game Development, Beginner"
Unity User Manual,Book,https://docs.unity3d.com/Manual/,Reading/Writing,"Unity,Game Development, Beginner"
Unit Testing Succinctly by Marc Clifton,Book,https://www.syncfusion.com/succinctly-free-ebooks/unittesting,Reading/Writing,"Unit Testing, Beginner"
"Beginning C# with Unity by Brian Douglas Moakley, VegetarianZombie",Video,https://www.youtube.com/playlist?list=PLFgjYYTq6xyhtVK6VzLiFe3pmBu-XSNlX,Visual,"Unity,Game Development, Beginner"
Unit Testing in iOS by CodeWithChris,Video,https://www.youtube.com/playlist?list=PLMRqhzcHGw1ZLLvLwuW8AP3n-A3nsRn9P,Visual,"Unit Testing, Beginner"
Unit 1: Kotlin Basics,Online Course,https://developer.android.com/courses/android-basics-kotlin/unit-1,"Visual,Auditory,Kinesthetic,Reading/Writing","Android Development ,Kotlin, Beginner"
Unit Testing Best Practices in AngularJS by Andy Shora,Article,http://andyshora.com/unit-testing-best-practices-angularjs.html,Reading/Writing,"Unit Testing, Beginner"
The complete Android Application Development Course - Work Great in 2020 by Android Developer,Video,https://www.youtube.com/playlist?list=PLknSwrodgQ72X4sKpzf5vT8kY80HKcUSe,"Visual, Kinesthetic","Android Development, Beginner"
"Android Developers Backstage by Chet Haase, Tor Norbye, Romain Guy, Nick Butcher, et al. Android Developers team",Podcast,http://androidbackstage.blogspot.com/,Auditory,"Android Development, Beginner"
Android Basics: Networking,Online Course,https://www.udacity.com/course/android-basics-networking--ud843,"Visual,Auditory,Kinesthetic,Reading/Writing","Android Development, Beginner"
Android with kotlin by Smartherd,Video,https://youtube.com/playlist?list=PLlxmoA0rQ-Lw5k_QCqVl3rsoJOnb_00UV,Visual,"Android Development ,Kotlin, Beginner"
Android Notes for Professionals by Compiled from StackOverflow Documentation,Book,https://goalkicker.com/AndroidBook,Reading/Writing,"Android Development, Beginner"
"Android Programming Succinctly, Syncfusion",Book,https://www.syncfusion.com/resources/techportal/ebooks/android,Reading/Writing,"Android Development, Beginner"
Android Basics: Data Storage,Online Course,https://www.udacity.com/course/android-basics-data-storage--ud845,"Visual,Auditory,Kinesthetic,Reading/Writing","Android Development, Beginner"
Android Basics: Multiscreen Apps,Online Course,https://www.udacity.com/course/android-basics-multiscreen-apps--ud839,"Visual,Auditory,Kinesthetic,Reading/Writing","Android Development, Beginner"
Android Basics: User Input,Online Course,https://www.udacity.com/course/android-basics-user-input--ud836,"Visual,Auditory,Kinesthetic,Reading/Writing","Android Development, Beginner"
Android Basics: User Interface,Online Course,https://www.udacity.com/course/android-basics-user-interface--ud834,"Visual,Auditory,Kinesthetic,Reading/Writing","Android Development, Beginner"
Android App Development for Beginners Playlist by Bucky Roberts,Video,https://www.youtube.com/playlist?list=PL6gx4Cwl9DGBsvRxJJOzG4r4k_zLKrnxl,Visual,"Android Development, Beginner"
Google Android Developer Training,Online Course,https://developer.android.com/guide,"Visual,Auditory,Kinesthetic,Reading/Writing","Android Development, Beginner"
 Developing Android Apps,Online Course,https://www.udacity.com/course/new-android-fundamentals--ud851,"Visual,Auditory,Kinesthetic,Reading/Writing","Android Development, Beginner"
Learn Android in 9 Hours,Video,https://www.youtube.com/watch?v=aS__9RbCyHg,Visual,"Android Development, Beginner"
Advanced Android App Development,Online Course,https://www.udacity.com/course/advanced-android-app-development--ud855,"Visual,Auditory,Kinesthetic,Reading/Writing","Android Development, Fragments"
Advanced Android with Kotlin,Online Course,https://www.udacity.com/course/advanced-android-with-kotlin--ud940,"Visual,Auditory,Kinesthetic,Reading/Writing","Android Development, Kotlin"
Swift 5 for Beginners by iOS Academy,Video,https://www.youtube.com/playlist?list=PL5PR3UyfTWvfacnfUsvNcxIiKIgidNRoW,Visual,"iOS Development, Swift, Beginner"
"iOS Succinctly, Syncfusion",Book,https://www.syncfusion.com/resources/techportal/ebooks/ios,Reading/Writing,"iOS Development, Swift, Beginner"
iOS Developer Notes for Professionals by Compiled from StackOverflow Documentation,Book,https://goalkicker.com/iOSBook/,Reading/Writing,"iOS Development, Swift, Beginner"
 iOS Development Course - Use Swift 5 and UIKit to Build a Netflix Clone by freeCodeCamp.org,Video,https://www.youtube.com/watch?v=KCgYDCKqato,Visual,"iOS Development, Swift, Beginner"
Build Great IOS Apps (Swift) by Hamad Fouad,Online Course,https://www.udemy.com/course/build-great-ios-apps-with-swift/,"Visual,Auditory,Kinesthetic,Reading/Writing","iOS Development, Swift, Beginner"
The Complete Swift iOS Developer - Create Real Apps in Swift by Grant Klimaytys,Online Course,https://www.udemy.com/course/the-complete-ios-10-developer-course/,"Visual,Auditory,Kinesthetic,Reading/Writing","iOS Development, Swift, Beginner"
Blockchain Tutorial for beginners by BlockTrain,Video,https://www.youtube.com/playlist?list=PLxbAS7NVaSZKKxoVuQxKK2k0c8S4t_m8O,Visual,"Blockchain, Beginner"
Blockchain Essentials by CognitiveClass.ai,Online Course,https://cognitiveclass.ai/courses/blockchain-course,"Visual,Auditory,Kinesthetic,Reading/Writing","Blockchain, Beginner"
Blockchain Specialization by Bina Ramamurthy,Online Course,https://www.coursera.org/specializations/blockchain,"Visual,Auditory,Kinesthetic,Reading/Writing","Blockchain, Beginner"
 Blockchain: Foundations and Use Cases by ConsenSys Academy,Online Course,https://www.coursera.org/learn/blockchain-foundations-and-use-cases,"Visual,Auditory,Kinesthetic,Reading/Writing","Blockchain, Beginner"
" Blockchain for Dummies, 2nd IBM Limited Edition by Manav Gupta",Book,https://www.ibm.com/downloads/cas/36KBMBOG,Reading/Writing,"IBM, Blockchain, Beginner"
Free Robotics Course For School Students Certified Course By Coding Blocks Junior by CodingBlocks Junior,Video,https://youtube.com/playlist?list=PLhLbJ9UoJCvtlCNamtuDay41AG0JhQBKU,"Visual, Kinesthetic","Robotics, Beginner"
"Learn Blockchain, Solidity, and Full Stack Web3 Development with JavaScript – 32-Hour Course by Patrick Collins",Video,https://www.youtube.com/watch?v=gyMwXuJrbJQ,"Visual, Kinesthetic","Blockchain, Beginner"
"IBM Blockchain: The Founder’s Handbook, Third Edition by Antonio Banda, Matthew Hamilton, Eileen Lowry, John Widdifield, et al.",Book,https://www.ibm.com/downloads/cas/GZPPMWM5,Reading/Writing,"IBM, Blockchain, Beginner"
DevOps: The Ops Perspective by The DevOps Collective Inc.,Book,https://leanpub.com/devopstheopsperspective/read,Reading/Writing,"DevOps, Beginner"
DevOps Bootcamp by Kunal Kushwaha,Video,https://www.youtube.com/playlist?list=PL9gnSGHSqcnoqBXdMwUTRod4Gi3eac2Ak,Visual,"DevOps, Beginner"
DevOps Full Course by Simplilearn,Video,https://www.youtube.com/watch?v=lpk7VpGqkKw,Visual,"DevOps, Beginner"
DevOps Tutorial for Beginners by Intellipaat,Video,https://www.youtube.com/playlist?list=PLVHgQku8Z934suC9LSE6vaAKjOH_MfRbE,Visual,"DevOps, Beginner"
"DevOps For Dummies, 3rd IBM Limited Edition by Sanjeev Sharma, Bernie Coyne",Book,https://www.ibm.com/downloads/cas/P9NYOK3B,Reading/Writing,"IBM, DevOps, Beginner"
"DevOps: Beginner's Guide To Automation With Ansible by TetraNoodle Team, Manuj Aggarwal",Online Course,https://www.udemy.com/course/devops-beginners-guide-to-automation-with-ansible,"Visual,Auditory,Kinesthetic,Reading/Writing","DevOps, Beginner, Automation"
The PowerShell + DevOps Global Summit Manual for Summiteers by The DevOps Collective Inc.,Book,https://leanpub.com/windowspowershellnetworkingguide/read,Reading/Writing,"DevOps, Beginner, PowerShell"
"Arrested DevOps by Bridget Kromhout, Jeff Smith, Jessica Kerr, Joe Laha, Matt Stratton, Trevor Hess",Podcast,https://www.arresteddevops.com/,Auditory,"DevOps, Beginner"
A Unix Person's Guide to PowerShell by The DevOps Collective Inc.,Book,https://leanpub.com/aunixpersonsguidetopowershell/read,Reading/Writing,"PowerShell, Beginner"
Creating HTML Reports in PowerShell by The DevOps Collective Inc.,Book,https://leanpub.com/creatinghtmlreportsinwindowspowershell/read,Reading/Writing,"PowerShell, Beginner"
Ditch Excel: Making Historical & Trend Reports in PowerShell by The DevOps Collective Inc.,Book,https://leanpub.com/ditchexcelmakinghistoricalandtrendreportsinpowershell/read,Reading/Writing,"PowerShell, Beginner"
Secrets of PowerShell Remoting by The DevOps Collective Inc.,Book,https://leanpub.com/secretsofpowershellremoting/read,Reading/Writing,"PowerShell, Beginner"
The Big Book of PowerShell Error Handling by The DevOps Collective Inc.,Book,https://leanpub.com/thebigbookofpowershellgotchas/read,Reading/Writing,"PowerShell, Beginner"
The Monad Manifesto - Annotated by The DevOps Collective Inc.,Book,https://leanpub.com/themonadmanifestoannotated/read,Reading/Writing,"PowerShell, Beginner"
Why PowerShell? by The DevOps Collective Inc.,Book,https://leanpub.com/whypowershell/read,Reading/Writing,"PowerShell, Beginner"
Windows PowerShell Networking Guide by The DevOps Collective Inc.,Book,https://leanpub.com/windowspowershellnetworkingguide/read,Reading/Writing,"PowerShell, Beginner"
AWS DevOps Engineer Learning Plan by AWS,Online Course,https://explore.skillbuilder.aws/learn/public/learning_plan/view/85/devops-engineering-learning-plan?la=sec&sec=lp,"Visual,Auditory,Kinesthetic,Reading/Writing","AWS, DevOps, Beginner"
"Intro to DevOps by Karl Krueger, Dwayne Lessner, Gundega Dekena",Online Course,https://www.udacity.com/course/intro-to-devops--ud611,"Visual,Auditory,Kinesthetic,Reading/Writing","DevOps, Beginner"
Matlab Programming Fundamentals by Mathworks,Book,https://www.mathworks.com/help/pdf_doc/matlab/matlab_prog.pdf,Reading/Writing,
MATLAB Basic Functions Reference Sheet by MathWorks,Book,https://www.mathworks.com/content/dam/mathworks/fact-sheet/matlab-basic-functions-reference.pdf,Reading/Writing,
"Mathematical Discovery by Andrew M. Bruckner, Brian S. Thomson, Judith B. Bruckner",Book,https://classicalrealanalysis.info/com/Mathematical-Discovery.php,Reading/Writing,"Mathematics, Programming"
"Mathematics, MTH101A by P. Shunmugaraj, IIT Kanpur",Book,http://home.iitk.ac.in/~psraj/mth101/,Reading/Writing,"Mathematics, Programming"
Math in Society by David Lippman,Book,https://www.opentextbookstore.com/mathinsociety/,Reading/Writing,"Mathematics, Programming"
Mathematical Analysis I by Elias Zakon,Book,http://www.trillia.com/zakon-analysisI.html,Reading/Writing,"Mathematics, Programming"
Math for the Layman by Kenneth E. Iverson,Book,http://www.jsoftware.com/books/pdf/mftl.zip,Reading/Writing,"Mathematics, Programming"
Mathematics for Machine Learning by Garrett Thomas,Book,https://gwthomas.github.io/docs/math4ml.pdf,Reading/Writing,"Mathematics, Machine Learning"
"Mathematics for Machine Learning by Marc Peter Deisenroth, A Aldo Faisal, Cheng Soon Ong",Book,https://mml-book.github.io/,Reading/Writing,"Mathematics, Machine Learning"
"Mathematics for Computer Science by Eric Lehman, F. Thomson Leighton, Albert R. Meyer",Book,https://courses.csail.mit.edu/6.042/spring18/mcs.pdf,Reading/Writing,"Mathematics, Programming"
Mathematica® programming: an advanced introduction by Leonid Shifrin,Book,http://www.mathprogramming-intro.org/,Reading/Writing,"Mathematics, Programming"
Math for programmers (using python),Book,https://akuli.github.io/math-tutorial/,Reading/Writing,"Mathematics, Programming"
Mathematical Logic - an Introduction,Book,http://www.ii.uib.no/~michal/und/i227/book/book.pdf,Reading/Writing,"Mathematics, Programming"
Mathematical Reasoning: Writing and Proof by Ted Sundstrom,Book,https://www.tedsundstrom.com/mathematical-reasoning-3,Reading/Writing,"Mathematics, Programming"
"Mathematics for Machine Learning - Linear Algebra by Imperial College London, Dr David Dye, Dr Sam Cooper",Video,https://www.youtube.com/playlist?list=PLiiljHvN6z1_o1ztXTKWPrShrMrBLo5P3,Visual,"Mathematics, Machine Learning"
Mathproblem of the Month - Bilkent University,Book,http://www.fen.bilkent.edu.tr/~cvmath/prob-month.html,Reading/Writing,"Mathematics, Programming"
A Mathematical Theory of Communication by Claude E.Shannon,Book,https://archive.org/details/bstj27-4-623,Reading/Writing,"Mathematics, Programming"
Exploring Math by Kenneth E. Iverson,Book,http://www.jsoftware.com/books/pdf/expmath.pdf,Reading/Writing,"Mathematics, Programming"
"Top 10 Machine Learning Algorithms Every Engineer Should Know by Binny Mathews, Omair Aasim",Article,https://www.dezyre.com/article/top-10-machine-learning-algorithms/202,Reading/Writing,"DSA, Machine Learning, Beginner"
Concrete Math Companion by Kenneth E. Iverson,Book,http://www.jsoftware.com/books/pdf/cmc.pdf,Reading/Writing,"Mathematics, Programming"
Graph Theory by Wrath of Math,Video,https://youtube.com/playlist?list=PLztBpqftvzxXBhbYxoaZJmnZF6AUQr1mH,Visual,"Mathematics, Programming"
MIT's Mathematics for Computer Science,Online Course,https://ocw.mit.edu/courses/6-042j-mathematics-for-computer-science-fall-2010/,"Visual,Auditory,Kinesthetic,Reading/Writing","MIT,  Mathematics, Programming"
3D Math Primer for Graphics and Game Development by Fletcher Dunn,Book,https://gamemath.com/book/intro.html,Reading/Writing,"Game Development, Mathematics"
Recreations in Math by H. E. Licks,Book,http://djm.cc/library/Recreations_in_Mathematics_Licks_edited.pdf,Reading/Writing,"Mathematics, Programming"
Vector Math for 3D Computer Graphics,Book,http://chortle.ccsu.edu/VectorLessons/index.html,Reading/Writing,"3D, Computer Graphics, Mathematics"
Discrete Mathematics: An Open Introduction by Oscar Levin,Book,http://discrete.openmathbooks.org/dmoi3.html,Reading/Writing,"Mathematics, Programming"
Wolfram Mathematica Product Training: Wolfram U,Online Course,https://www.wolfram.com/wolfram-u/catalog/product-training/mathematica/,"Visual,Auditory,Kinesthetic,Reading/Writing","Mathematics, Programming"
Computers and Mathematical Notation by Kenneth E. Iverson,Book,http://www.jsoftware.com/papers/camn.htm,Reading/Writing,"Mathematics, Programming"
"Computational Mathematics with SageMath by Paul Zimmermann, Alexandre Casamayou, Nathann Cohen, Guillaume Connan, et al.",Book,https://www.sagemath.org/sagebook/,Reading/Writing,"Mathematics, Programming"
"Discrete Mathematics: First and Second Course by Edward A. Bender, S. Gill Williamson",Book,https://cseweb.ucsd.edu/~gill/BWLectSite/,Reading/Writing,"Mathematics, Programming"
Discrete Mathematics for Computer Science Specialization by My Lesson,Video,https://www.youtube.com/playlist?list=PLtS8Ubq2bIlXO4qEM5BOsBy6xWQNVFu8l,Visual,"Mathematics, Programming"
Exploring Math for Programmers and Data Scientists by Paul Orland,Book,https://freecontent.manning.com/free-ebook-exploring-math-for-programmers-and-data-scientists/,Reading/Writing,"Mathematics, Programming"